show,type,id,url,twitterUrl,text,fullText,source,retweetCount,replyCount,likeCount,quoteCount,viewCount,createdAt,lang,bookmarkCount,isReply,conversationId,possiblySensitive,isPinned,author/type,author/userName,author/url,author/twitterUrl,author/id,author/name,author/isVerified,author/isBlueVerified,author/profilePicture,author/coverPicture,author/description,author/location,author/followers,author/following,author/status,author/canDm,author/canMediaTag,author/createdAt,author/fastFollowersCount,author/favouritesCount,author/hasCustomTimelines,author/isTranslator,author/mediaCount,author/statusesCount,author/possiblySensitive,author/pinnedTweetIds/0
wweraw,tweet,1911950534283575296,https://x.com/_CerebralA/status/1911950534283575296,https://twitter.com/_CerebralA/status/1911950534283575296,Karrion Kross got the pants from the person AJ Styles gets his from 👀 #WWERaw https://t.co/SzyAOAbRsi,Karrion Kross got the pants from the person AJ Styles gets his from 👀 #WWERaw https://t.co/SzyAOAbRsi,Twitter for iPhone,60,17,563,3,57473,Tue Apr 15 01:11:44 +0000 2025,en,43,false,1911950534283575296,false,false,user,_CerebralA,https://x.com/_CerebralA,https://twitter.com/_CerebralA,1716979603401543680,M 💯 | Wrestling Fan,false,true,https://pbs.twimg.com/profile_images/1872431840755154944/JPUrGqap_normal.jpg,https://pbs.twimg.com/profile_banners/1716979603401543680/1744938575,Fan Account | Followed by; Zelina Vega/Karrion Kross/John Cena/BjRay/Osiris/Buffys | Interactions in Expanded Bio |ZV Army🇵🇷|LivDom❤️‍🔥|LMWT🌎|Bloodline🩸|,The Island Of Relevancy ☝🏽🩸,3277,7499,,true,true,Wed Oct 25 00:47:26 +0000 2023,0,41609,false,false,6405,12945,false,1816493587908997507
wweraw,tweet,1912131275646697631,https://x.com/WWEFrance/status/1912131275646697631,https://twitter.com/WWEFrance/status/1912131275646697631,"👀 Watch Me 

@YaOnlyLivvOnce #WWERaw https://t.co/3HX9e6qlY1","👀 Watch Me 

@YaOnlyLivvOnce #WWERaw https://t.co/3HX9e6qlY1",Twitter for iPhone,420,37,5443,9,68998,Tue Apr 15 13:09:56 +0000 2025,en,498,false,1912131275646697631,false,false,user,WWEFrance,https://x.com/WWEFrance,https://twitter.com/WWEFrance,56331074,WWE France,false,true,https://pbs.twimg.com/profile_images/1150853096416956416/cgiD-cor_normal.jpg,https://pbs.twimg.com/profile_banners/56331074/1743465345,Inscription prévente pour WWE Clash in Paris 31/8 & WWE Raw 1/9 - Paris La Défense Arena ⤵️,France,82862,439,,false,true,Mon Jul 13 09:25:13 +0000 2009,0,4207,true,false,10044,21452,false,1913150610956042424
wweraw,tweet,1911963234942197927,https://x.com/SanchoWest/status/1911963234942197927,https://twitter.com/SanchoWest/status/1911963234942197927,"I would do the same Carlito

#WWERaw https://t.co/6OGdl7B1GP","I would do the same Carlito

#WWERaw https://t.co/6OGdl7B1GP",Twitter Web App,900,34,19440,29,366022,Tue Apr 15 02:02:12 +0000 2025,en,707,false,1911963234942197927,false,false,user,SanchoWest,https://x.com/SanchoWest,https://twitter.com/SanchoWest,1330660705,SanchoWest,false,true,https://pbs.twimg.com/profile_images/1597493990277857280/RhMGfjCU_normal.jpg,https://pbs.twimg.com/profile_banners/1330660705/1665543692,"Gamer Dad • Professional Host for Hire Wrestling is Cool podcast Co-host
📨sanchowest@evolved.gg
📼 https://t.co/wmt5vy1TNY
🔴 https://t.co/09jvq01GlY","Austin, TX",26305,2492,,true,true,Sat Apr 06 04:03:57 +0000 2013,0,18735,true,false,14180,33506,false,1899870915258712260
wweraw,tweet,1911949893276512265,https://x.com/theanglejoey/status/1911949893276512265,https://twitter.com/theanglejoey/status/1911949893276512265,Kross looks like a freakin superstar! @realKILLERkross #WWERAW https://t.co/xs10Uf2HzA,Kross looks like a freakin superstar! @realKILLERkross #WWERAW https://t.co/xs10Uf2HzA,Twitter for iPhone,252,152,5630,34,166571,Tue Apr 15 01:09:11 +0000 2025,en,114,false,1911949893276512265,false,false,user,theanglejoey,https://x.com/theanglejoey,https://twitter.com/theanglejoey,1124375819797843970,Joey Karni,false,true,https://pbs.twimg.com/profile_images/1808559805474238464/mQx2iV59_normal.jpg,https://pbs.twimg.com/profile_banners/1124375819797843970/1734736702,"Join @joeykarni for DAILY Pro Wrestling Content, Superstar Chats, & WWE insight! Host of The Angle Podcast| ➡️ Contact: theanglejoey@gmail.com","New Jersey, USA",14154,7396,,false,true,Fri May 03 18:11:00 +0000 2019,0,48119,true,false,11867,48137,false,1887245086389592232
wweraw,tweet,668958109159702528,https://x.com/WWE/status/668958109159702528,https://twitter.com/WWE/status/668958109159702528,"The 1,174th edition of @WWE #RAW is LIVE NOW on @USA_Network, with #TheAuthority heading to the ring. #NewChampion https://t.co/JJ64eFRNFf","The 1,174th edition of @WWE #RAW is LIVE NOW on @USA_Network, with #TheAuthority heading to the ring. #NewChampion https://t.co/JJ64eFRNFf",SnappyTV.com,226,35,314,0,,Tue Nov 24 01:03:36 +0000 2015,en,1,false,668958109159702528,false,false,user,WWE,https://x.com/WWE,https://twitter.com/WWE,7517222,WWE,false,true,https://pbs.twimg.com/profile_images/1383079031805972485/3sWoMX-R_normal.jpg,https://pbs.twimg.com/profile_banners/7517222/1745061687,| Raw: Mondays at 8ET/5PT on Netflix | NXT: Tuesdays at 8ET/7CT on The CW | SmackDown: Fridays at 8ET/7CT on USA Network,"Stamford, CT",14504650,394,,false,false,Mon Jul 16 21:38:03 +0000 2007,0,2100,true,false,142460,351755,false,1913606147040305176
wweraw,tweet,1911951684672135629,https://x.com/A_L_W_podcast/status/1911951684672135629,https://twitter.com/A_L_W_podcast/status/1911951684672135629,"This is what a Superstar looks like. 

#WWERaw #PushKarrionKross https://t.co/QAMSmX4EvI","This is what a Superstar looks like. 

#WWERaw #PushKarrionKross https://t.co/QAMSmX4EvI",Twitter for iPhone,190,102,4454,34,235627,Tue Apr 15 01:16:18 +0000 2025,en,142,false,1911951684672135629,false,false,user,A_L_W_podcast,https://x.com/A_L_W_podcast,https://twitter.com/A_L_W_podcast,1640468957470629888,aaronloveswrestling,false,true,https://pbs.twimg.com/profile_images/1640514854468370434/CaRgbIVd_normal.jpg,https://pbs.twimg.com/profile_banners/1640468957470629888/1679964206,I share all things #WWE #AEW #TNA also a side of #DallasCowboys 0-0 #DUUUVAL 0-0 #AllForTX 12-7 #HookEm 0-0 #TexasHockey 50-26-6 #LakeShow 50-32,,5125,5783,,false,true,Mon Mar 27 21:41:02 +0000 2023,0,89050,false,false,8861,36145,false,1913354053763109069
wweraw,tweet,1911953255623438697,https://x.com/Zashy120/status/1911953255623438697,https://twitter.com/Zashy120/status/1911953255623438697,"Logan’s finisher tho..
#WWERaw https://t.co/ne4omkdsu0","Logan’s finisher tho..
#WWERaw https://t.co/ne4omkdsu0",Twitter for iPhone,30,24,589,4,346580,Tue Apr 15 01:22:33 +0000 2025,en,29,false,1911953255623438697,false,false,user,Zashy120,https://x.com/Zashy120,https://twitter.com/Zashy120,1378367821755867142,Zashy 🇵🇸,false,true,https://pbs.twimg.com/profile_images/1890911829888532480/gGTpey7E_normal.jpg,https://pbs.twimg.com/profile_banners/1378367821755867142/1744743431,"""I'm just a young man addicted to greatness"" #FreePalestine 🇵🇸| @ManUtd | @RandyOrton 🐍 followed 11/7/24 | Jesse Ventura Enthusiast |☪️",,18282,6519,,false,false,Sat Apr 03 15:24:46 +0000 2021,0,119687,true,false,12554,43547,false,1824144118450360741
wweraw,tweet,1911936080338649469,https://x.com/wrestlin_wasabi/status/1911936080338649469,https://twitter.com/wrestlin_wasabi/status/1911936080338649469,Liv Morgan the freaking woman that you are #WWERaw https://t.co/6jqLur51PM,Liv Morgan the freaking woman that you are #WWERaw https://t.co/6jqLur51PM,Twitter Web App,50,5,527,2,28132,Tue Apr 15 00:14:18 +0000 2025,en,86,false,1911936080338649469,false,false,user,wrestlin_wasabi,https://x.com/wrestlin_wasabi,https://twitter.com/wrestlin_wasabi,842911473860935680,Joey 🍙✨,false,true,https://pbs.twimg.com/profile_images/1838625967545212928/nS-d57u1_normal.jpg,https://pbs.twimg.com/profile_banners/842911473860935680/1709916065,PROUD CODY CRYBABY 🇺🇲🇺🇲 • Eagles fan living in the southern US. 🦅• Liv Morgan defender ✨,"North Carolina, USA",2863,2713,,true,false,Sat Mar 18 01:32:10 +0000 2017,0,137572,false,false,7586,54574,false,1817049290331562075
wweraw,tweet,767874553708109826,https://x.com/WWE/status/767874553708109826,https://twitter.com/WWE/status/767874553708109826,"The 1,213th edition of @WWE #RAW is LIVE NOW on @USA_Network, with the fallout from @WWE @SummerSlam! https://t.co/wGwOPxZa1X","The 1,213th edition of @WWE #RAW is LIVE NOW on @USA_Network, with the fallout from @WWE @SummerSlam! https://t.co/wGwOPxZa1X",SnappyTV.com,239,7,417,3,,Tue Aug 23 00:02:14 +0000 2016,en,1,false,767874553708109826,false,false,user,WWE,https://x.com/WWE,https://twitter.com/WWE,7517222,WWE,false,true,https://pbs.twimg.com/profile_images/1383079031805972485/3sWoMX-R_normal.jpg,https://pbs.twimg.com/profile_banners/7517222/1745061687,| Raw: Mondays at 8ET/5PT on Netflix | NXT: Tuesdays at 8ET/7CT on The CW | SmackDown: Fridays at 8ET/7CT on USA Network,"Stamford, CT",14504650,394,,false,false,Mon Jul 16 21:38:03 +0000 2007,0,2100,true,false,142460,351755,false,1913606147040305176
wweraw,tweet,1913757794601156768,https://x.com/wrestlingclipz_/status/1913757794601156768,https://twitter.com/wrestlingclipz_/status/1913757794601156768,AND NEWWWW!!! FATU FATU FATU! #WWERaw #WrestleMania #WrestleMania41 #WWEHOF https://t.co/aNhZEW2FW9,AND NEWWWW!!! FATU FATU FATU! #WWERaw #WrestleMania #WrestleMania41 #WWEHOF https://t.co/aNhZEW2FW9,Twitter Web App,5,1,23,1,1825,Sun Apr 20 00:53:08 +0000 2025,it,0,false,1913757794601156768,false,false,user,wrestlingclipz_,https://x.com/wrestlingclipz_,https://twitter.com/wrestlingclipz_,1757647126492860416,wrestlingclipz_,false,true,https://pbs.twimg.com/profile_images/1885906591330807808/IEjHRD3P_normal.jpg,https://pbs.twimg.com/profile_banners/1757647126492860416/1735794634,"Always posting live updates, clips and news of any and all things Pro-Wrestling!",,146,487,,false,true,Wed Feb 14 06:05:14 +0000 2024,0,34,false,false,306,680,false,1873567695289139381
theresidence,tweet,1903236914850717973,https://x.com/_rainbow_alien_/status/1903236914850717973,https://twitter.com/_rainbow_alien_/status/1903236914850717973,"#TheResidence was SO FUCKIN GOOD!!!! LOVED everything about it!!! ❤️‍🔥🤩💯✨👏🏾💘 As a big lover of Knives Out, I became a big lover of this show!! Every shot is a marvel!! The acting is stellar!! Wow!! The cast &amp; crew fuckin' delivered! 11/10 

GO WATCH ASAP

LOVE YOU UZO 🫶🏾 https://t.co/khQPGtoXBz","#TheResidence was SO FUCKIN GOOD!!!! LOVED everything about it!!! ❤️‍🔥🤩💯✨👏🏾💘 As a big lover of Knives Out, I became a big lover of this show!! Every shot is a marvel!! The acting is stellar!! Wow!! The cast &amp; crew fuckin' delivered! 11/10 

GO WATCH ASAP

LOVE YOU UZO 🫶🏾 https://t.co/khQPGtoXBz",Twitter for Android,241,18,1526,18,58607,Sat Mar 22 00:06:55 +0000 2025,en,75,false,1903236914850717973,false,false,user,_rainbow_alien_,https://x.com/_rainbow_alien_,https://twitter.com/_rainbow_alien_,972605292809768960,naell 💫👽 (she/they),false,71,466,278,102,102,771,1012,104,104,1350,1080,fit,1200,960,fit,680,544,fit,150
theresidence,tweet,1912685602123702517,https://x.com/kneesocks/status/1912685602123702517,https://twitter.com/kneesocks/status/1912685602123702517,"i started watching the residence and it's really interesting and i love how the episodes are all movie titles 

also the cinematography is really nice!!! https://t.co/v44g82gG4O","i started watching the residence and it's really interesting and i love how the episodes are all movie titles 

also the cinematography is really nice!!! https://t.co/v44g82gG4O",Twitter for Android,1,2,17,0,1320,Thu Apr 17 01:52:38 +0000 2025,en,3,false,1912685602123702517,false,false,user,kneesocks,https://x.com/kneesocks,https://twitter.com/kneesocks,15323909,gaby 🌻,false,,,,,,,,,,2048,1009,fit,1200,591,fit,680,335,fit,150
theresidence,tweet,1911472808204652949,https://x.com/thecynthiaorji/status/1911472808204652949,https://twitter.com/thecynthiaorji/status/1911472808204652949,"i was going to give ‘the residence’ a 10/10, but then they ended it with a dedication to Andre Braugher😭 so i’m rating it 11/10🥹❤️","i was going to give ‘the residence’ a 10/10, but then they ended it with a dedication to Andre Braugher😭 so i’m rating it 11/10🥹❤️",Twitter for iPhone,6,2,44,0,2736,Sun Apr 13 17:33:25 +0000 2025,en,3,false,1911472808204652949,,false,user,thecynthiaorji,https://x.com/thecynthiaorji,https://twitter.com/thecynthiaorji,165358317,Cynthia🌸,false,,,,,,,,,,,,,,,,,,,
theresidence,tweet,1911773720781206013,https://x.com/The__Manthony/status/1911773720781206013,https://twitter.com/The__Manthony/status/1911773720781206013,"I’m not much of a tv show watcher but my wife and I binged The Residence over the weekend and it’s really, really, really good. I cannot praise it enough and I cannot suggest watching it enough. You will laugh and gasp and get hooked. Netflix cooked here. https://t.co/7HjFoFQR5b","I’m not much of a tv show watcher but my wife and I binged The Residence over the weekend and it’s really, really, really good. I cannot praise it enough and I cannot suggest watching it enough. You will laugh and gasp and get hooked. Netflix cooked here. https://t.co/7HjFoFQR5b",Twitter for iPhone,1,1,36,1,2890,Mon Apr 14 13:29:08 +0000 2025,en,3,false,1911773720781206013,false,false,user,The__Manthony,https://x.com/The__Manthony,https://twitter.com/The__Manthony,277898563,Overall Good Guy Anthony,false,70,629,462,73,73,419,306,108,108,1481,1000,fit,1200,810,fit,680,459,fit,150
theresidence,tweet,1912573470334152789,https://x.com/_Nkosiiii/status/1912573470334152789,https://twitter.com/_Nkosiiii/status/1912573470334152789,The Residence is probably some of the best tv I’ve ever seen in a while.,The Residence is probably some of the best tv I’ve ever seen in a while.,Twitter for iPhone,6,5,46,1,2022,Wed Apr 16 18:27:03 +0000 2025,en,3,false,1912573470334152789,,false,user,_Nkosiiii,https://x.com/_Nkosiiii,https://twitter.com/_Nkosiiii,1401454633378271232,Enkosi,false,,,,,,,,,,,,,,,,,,,
theresidence,tweet,1892242926761070877,https://x.com/netflix/status/1892242926761070877,https://twitter.com/netflix/status/1892242926761070877,"132 rooms. 157 suspects. 1 dead body. 

The Residence, a new series from Shondaland, is a screwball whodunnit set in the upstairs, downstairs, and backstairs of the White House. Premieres March 20. https://t.co/8FAHWhpb9y","132 rooms. 157 suspects. 1 dead body. 

The Residence, a new series from Shondaland, is a screwball whodunnit set in the upstairs, downstairs, and backstairs of the White House. Premieres March 20. https://t.co/8FAHWhpb9y",Twitter Media Studio,7182,532,71001,3987,22411407,Wed Feb 19 16:00:44 +0000 2025,en,29256,false,1892242926761070877,false,false,user,netflix,https://x.com/netflix,https://twitter.com/netflix,16573941,Netflix,false,,,,,,,,,,720,1280,fit,675,1200,fit,383,680,fit,150
theresidence,tweet,1913251900616483098,https://x.com/adesolaaaaa/status/1913251900616483098,https://twitter.com/adesolaaaaa/status/1913251900616483098,"Anyway, I'm on the final episode of The Residence. It's so good, I need more Cordelia Cupp series the way we have so many iterations of Sherlock Holmes.","Anyway, I'm on the final episode of The Residence. It's so good, I need more Cordelia Cupp series the way we have so many iterations of Sherlock Holmes.",Twitter for Android,2,3,20,1,1320,Fri Apr 18 15:22:54 +0000 2025,en,1,false,1913251900616483098,,false,user,adesolaaaaa,https://x.com/adesolaaaaa,https://twitter.com/adesolaaaaa,1197038601139314688,Adésọ́lá. 🇵🇸🇨🇩,false,,,,,,,,,,,,,,,,,,,
theresidence,tweet,1912133481750028302,https://x.com/its_aminaa_/status/1912133481750028302,https://twitter.com/its_aminaa_/status/1912133481750028302,"if you love murder mysteries, i would def watch the residence on netflix 🤭 the cast is really good and you probably won’t get who it is in the end. #theresidence https://t.co/Y2gLdNBztr","if you love murder mysteries, i would def watch the residence on netflix 🤭 the cast is really good and you probably won’t get who it is in the end. #theresidence https://t.co/Y2gLdNBztr",Twitter for iPhone,1,0,23,0,2950,Tue Apr 15 13:18:42 +0000 2025,en,8,false,1912133481750028302,false,false,user,its_aminaa_,https://x.com/its_aminaa_,https://twitter.com/its_aminaa_,948297905655484418,amina 🤍,false,,,,,,,,,,576,576,fit,576,576,fit,576,576,fit,150
theresidence,tweet,1913495500063375569,https://x.com/ItsPaulRyder/status/1913495500063375569,https://twitter.com/ItsPaulRyder/status/1913495500063375569,"I finally finished The Residence on Netflix and yes, the reviews are true, a standalone film would’ve been much stronger. I had it as a ‘lunch watch’ so when I had a spare 20 minutes I’d throw it on. Uzo Aduba is sensational though. https://t.co/xbvv2M9tKb","I finally finished The Residence on Netflix and yes, the reviews are true, a standalone film would’ve been much stronger. I had it as a ‘lunch watch’ so when I had a spare 20 minutes I’d throw it on. Uzo Aduba is sensational though. https://t.co/xbvv2M9tKb",Twitter for iPhone,0,1,4,0,478,Sat Apr 19 07:30:52 +0000 2025,en,1,false,1913495500063375569,false,false,user,ItsPaulRyder,https://x.com/ItsPaulRyder,https://twitter.com/ItsPaulRyder,19779544,Paul Ryder,false,,,,,,,,,,640,1280,fit,600,1200,fit,340,680,fit,150
theresidence,tweet,1913707098489360877,https://x.com/18OOGAMBLER/status/1913707098489360877,https://twitter.com/18OOGAMBLER/status/1913707098489360877,pulling up to the kawhi leonard residence if he can’t score 6 pts in the whole 2nd half https://t.co/wgmB4lzAum,pulling up to the kawhi leonard residence if he can’t score 6 pts in the whole 2nd half https://t.co/wgmB4lzAum,Twitter for iPhone,6,3,36,0,5663,Sat Apr 19 21:31:41 +0000 2025,en,4,false,1913707098489360877,false,false,user,18OOGAMBLER,https://x.com/18OOGAMBLER,https://twitter.com/18OOGAMBLER,1666853643599982615,🚬,false,,,,,,,,,,720,1280,fit,675,1200,fit,383,680,fit,150
pulse,tweet,1909225352053846418,https://x.com/rqmitris/status/1909225352053846418,https://twitter.com/rqmitris/status/1909225352053846418,don't let your fiancé keep you from finding your girlfriend #PulseNetflix https://t.co/lgwVy7ohT6,don't let your fiancé keep you from finding your girlfriend #PulseNetflix https://t.co/lgwVy7ohT6,Twitter Web App,78,1,834,9,23031,Mon Apr 07 12:42:50 +0000 2025,en,62,false,1909225352053846418,false,false,user,rqmitris,https://x.com/rqmitris,https://twitter.com/rqmitris,1551611618802499584,ju,false,,,,,,,,,,,,,,,,,,,
pulse,tweet,1911103146278912484,https://x.com/iwishauwould/status/1911103146278912484,https://twitter.com/iwishauwould/status/1911103146278912484,I just finished the Pulse and it was a fantastic! i haven’t been this invested in every character on a netflix show since 2018 will be making 10 million edits by tomorrow #PulseNetflix https://t.co/cpmpish9xM,I just finished the Pulse and it was a fantastic! i haven’t been this invested in every character on a netflix show since 2018 will be making 10 million edits by tomorrow #PulseNetflix https://t.co/cpmpish9xM,Twitter for iPad,10,0,158,0,8282,Sat Apr 12 17:04:31 +0000 2025,en,6,false,1911103146278912484,false,false,user,iwishauwould,https://x.com/iwishauwould,https://twitter.com/iwishauwould,718858035326791681,kia2727 🇳🇬⪩ ⪨,false,,,,,,,,,,,,,,,,,,,
pulse,tweet,1908237619399373081,https://x.com/vivmuse/status/1908237619399373081,https://twitter.com/vivmuse/status/1908237619399373081,men ruin everything #PulseNetflix https://t.co/PwbGgViKXh,men ruin everything #PulseNetflix https://t.co/PwbGgViKXh,Twitter for iPhone,63,1,524,14,26243,Fri Apr 04 19:17:56 +0000 2025,en,29,false,1908237619399373081,false,false,user,vivmuse,https://x.com/vivmuse,https://twitter.com/vivmuse,1205669828557778944,tay ୨ৎ,false,,,,,,,,,,,,,,,,,,,
pulse,tweet,1910675645807448145,https://x.com/lexipcdia/status/1910675645807448145,https://twitter.com/lexipcdia/status/1910675645807448145,"a woman called out the power imbalance, ended up losing the promotion she worked so hard for and paid the price in a system that often lets men slide by.

dumb bitches with 0 media literacy: but dream boy xander doesn’t deserve this!! #PulseNetflix https://t.co/NBULOlRsXS","a woman called out the power imbalance, ended up losing the promotion she worked so hard for and paid the price in a system that often lets men slide by.

dumb bitches with 0 media literacy: but dream boy xander doesn’t deserve this!! #PulseNetflix https://t.co/NBULOlRsXS",Twitter for iPhone,17,7,193,5,12361,Fri Apr 11 12:45:47 +0000 2025,en,9,false,1910675645807448145,false,false,user,lexipcdia,https://x.com/lexipcdia,https://twitter.com/lexipcdia,1002184843608936448,nadine,false,,,,,,,,,,,,,,,,,,,
pulse,tweet,1910691915135136150,https://x.com/just_zutara/status/1910691915135136150,https://twitter.com/just_zutara/status/1910691915135136150,"Imagine falling for your new co worker who’s becoming a close friend &amp; you know she feels something too bc how can she not when she treats you how she does, &amp; when you’re about to confess your feelings you find out she’s engaged to a MAN she’s never talked about☹️ #PulseNetflix https://t.co/NXTzRztlrg","Imagine falling for your new co worker who’s becoming a close friend &amp; you know she feels something too bc how can she not when she treats you how she does, &amp; when you’re about to confess your feelings you find out she’s engaged to a MAN she’s never talked about☹️ #PulseNetflix https://t.co/NXTzRztlrg",Twitter for iPhone,6,1,94,1,7492,Fri Apr 11 13:50:26 +0000 2025,en,5,false,1910691915135136150,false,false,user,just_zutara,https://x.com/just_zutara,https://twitter.com/just_zutara,1662107107150233605,🗣️whatsyaname (MOONCOVEY TRUTHER),false,,,,,,,,,,,,,,,,,,,
pulse,tweet,1909328556892565793,https://x.com/lexipcdia/status/1909328556892565793,https://twitter.com/lexipcdia/status/1909328556892565793,"woke-to-the-max reviews about the show, overhated female character and mutually toxic codependent main couple…Real television is so back. #PulseNetflix https://t.co/fpFEx9NzVW","woke-to-the-max reviews about the show, overhated female character and mutually toxic codependent main couple…Real television is so back. #PulseNetflix https://t.co/fpFEx9NzVW",Twitter for iPhone,11,0,118,0,9484,Mon Apr 07 19:32:56 +0000 2025,en,3,false,1909328556892565793,false,false,user,lexipcdia,https://x.com/lexipcdia,https://twitter.com/lexipcdia,1002184843608936448,nadine,false,,,,,,,,,,,,,,,,,,,
pulse,tweet,1909551993414185285,https://x.com/sloansavery/status/1909551993414185285,https://twitter.com/sloansavery/status/1909551993414185285,messy medical drama ships are gonna hit every time xander and danny got me so bad sorry #pulse #pulsenetflix https://t.co/wEMj1Ma9nc,messy medical drama ships are gonna hit every time xander and danny got me so bad sorry #pulse #pulsenetflix https://t.co/wEMj1Ma9nc,Twitter for iPhone,51,17,369,10,105666,Tue Apr 08 10:20:47 +0000 2025,en,52,false,1909551993414185285,false,false,user,sloansavery,https://x.com/sloansavery,https://twitter.com/sloansavery,2651673901,kara,false,1024,972,0,1024,1024,1035,0,898,1024,1228,0,512,1024,0,0,2048,1024,true,3_1909551989626679296
pulse,tweet,1911810465832874127,https://x.com/jelevision/status/1911810465832874127,https://twitter.com/jelevision/status/1911810465832874127,"she’s an icon, she’s a legend #pulsenetflix

https://t.co/zjrUREKdmb","she’s an icon, she’s a legend #pulsenetflix

https://t.co/zjrUREKdmb",Twitter for iPhone,17,1,89,0,6752,Mon Apr 14 15:55:09 +0000 2025,en,11,false,1911810465832874127,false,false,user,jelevision,https://x.com/jelevision,https://twitter.com/jelevision,1057317932357836801,ᴊᴇʟᴀ,false,,,,,,,,,,,,,,,,,,,
pulse,tweet,1909593825598652470,https://x.com/lexipcdia/status/1909593825598652470,https://twitter.com/lexipcdia/status/1909593825598652470,"complex fictional rs are truly so lost on y’all it's concerning. The power dynamic in #pulsenetflix led to a sense of internal conflict where danny struggled with guilt&amp;insecurity about her success,feared her achievements might be seen as a result of favoritism rather than merit- https://t.co/Iaqt3nhzfu","complex fictional rs are truly so lost on y’all it's concerning. The power dynamic in #pulsenetflix led to a sense of internal conflict where danny struggled with guilt&amp;insecurity about her success,feared her achievements might be seen as a result of favoritism rather than merit- https://t.co/Iaqt3nhzfu",Twitter for iPhone,6,5,79,0,7325,Tue Apr 08 13:07:01 +0000 2025,en,10,false,1909593825598652470,false,false,user,lexipcdia,https://x.com/lexipcdia,https://twitter.com/lexipcdia,1002184843608936448,nadine,false,,,,,,,,,,,,,,,,,,,
pulse,tweet,1908354793627660525,https://x.com/nadiaelites/status/1908354793627660525,https://twitter.com/nadiaelites/status/1908354793627660525,"NOTHING GAGGED ME MORE THAN THIS SCENE…….
#PulseNetflix https://t.co/zBR37x6m3p","NOTHING GAGGED ME MORE THAN THIS SCENE…….
#PulseNetflix https://t.co/zBR37x6m3p",Twitter for iPhone,52,9,401,18,109190,Sat Apr 05 03:03:32 +0000 2025,en,85,false,1908354793627660525,false,false,user,nadiaelites,https://x.com/nadiaelites,https://twitter.com/nadiaelites,1239680441310986246,ari ☆,false,,,,,,,,,,,,,,,,,,,
adolesence,tweet,1900890105004650903,https://x.com/CinemaRareIN/status/1900890105004650903,https://twitter.com/CinemaRareIN/status/1900890105004650903,"A masterclass in cinematography, filmmaking &amp; acting. #Adolescence on Netflix is incredibly devastating. The gripping single-take episodes makes you feel entangled in a spiral along with the characters, are not an easy watch, but leaves a solid gut punch. Highly recommended. https://t.co/sVHart9nlC","A masterclass in cinematography, filmmaking &amp; acting. #Adolescence on Netflix is incredibly devastating. The gripping single-take episodes makes you feel entangled in a spiral along with the characters, are not an easy watch, but leaves a solid gut punch. Highly recommended. https://t.co/sVHart9nlC",Twitter for Android,110,17,711,31,68238,Sat Mar 15 12:41:32 +0000 2025,en,128,false,1900890105004650903,false,false,user,CinemaRareIN,https://x.com/CinemaRareIN,https://twitter.com/CinemaRareIN,918723043798560768,CinemaRare,false,,,,,,,,,,,,,,,,,,,
adolesence,tweet,1902719046174511448,https://x.com/Mayurishh/status/1902719046174511448,https://twitter.com/Mayurishh/status/1902719046174511448,#Adolesence web series on Netflix is pure cinema. The bold narrative structure and one shot filming style sets it apart. The entire cast starting from the veteran Stephen Graham to debutant Owen Cooper has given a stellar performance. https://t.co/fUqj8ia1Tb,#Adolesence web series on Netflix is pure cinema. The bold narrative structure and one shot filming style sets it apart. The entire cast starting from the veteran Stephen Graham to debutant Owen Cooper has given a stellar performance. https://t.co/fUqj8ia1Tb,Twitter for Android,0,2,15,0,3845,Thu Mar 20 13:49:06 +0000 2025,en,0,false,1902719046174511448,false,false,user,Mayurishh,https://x.com/Mayurishh,https://twitter.com/Mayurishh,323388765,Mayuri,false,,,,,,,,,,,,,,,,,,,
adolesence,tweet,1907985803839520811,https://x.com/InfernoOmni/status/1907985803839520811,https://twitter.com/InfernoOmni/status/1907985803839520811,y’all watch Adolescence on Netflix yet? great television for self aware emotionally intelligent trauma existers. also give this kid an Emmy i haven’t seen acting this good at such a young age in maybe forever https://t.co/C9qc0HYzuU,y’all watch Adolescence on Netflix yet? great television for self aware emotionally intelligent trauma existers. also give this kid an Emmy i haven’t seen acting this good at such a young age in maybe forever https://t.co/C9qc0HYzuU,Twitter for iPhone,57,25,883,11,62972,Fri Apr 04 02:37:18 +0000 2025,en,52,false,1907985803839520811,false,false,user,InfernoOmni,https://x.com/InfernoOmni,https://twitter.com/InfernoOmni,2185713181,Omni ☕️,false,,,,,,,,,,,,,,,,,,,
adolesence,tweet,1907470687503311286,https://x.com/StandUptoWoke/status/1907470687503311286,https://twitter.com/StandUptoWoke/status/1907470687503311286,"The REAL lie of Netflix's ""Adolesence"" is that the main character is a boy

- GIRLS are the ones impacted most by social media
- GIRLS are the ones adopting extreme political views &amp; becoming radicalised 
- GIRLS are the ones with high rates of mental instability &amp; emotionality https://t.co/zJlQHcXM1B","The REAL lie of Netflix's ""Adolesence"" is that the main character is a boy

- GIRLS are the ones impacted most by social media
- GIRLS are the ones adopting extreme political views &amp; becoming radicalised 
- GIRLS are the ones with high rates of mental instability &amp; emotionality https://t.co/zJlQHcXM1B",Twitter for Android,763,148,5964,50,164032,Wed Apr 02 16:30:25 +0000 2025,en,1141,false,1907470687503311286,false,false,user,StandUptoWoke,https://x.com/StandUptoWoke,https://twitter.com/StandUptoWoke,1371458611084472322,Amy Gallagher,false,,,,,,,,,,,,,,,,,,,
adolesence,tweet,1901387425126961392,https://x.com/daisyyy_s/status/1901387425126961392,https://twitter.com/daisyyy_s/status/1901387425126961392,"#adolesence on netflix is so good
the acting is so good
the story is so good
the message is so good
FAWKKK https://t.co/exA4m6Oc8Z","#adolesence on netflix is so good
the acting is so good
the story is so good
the message is so good
FAWKKK https://t.co/exA4m6Oc8Z",Twitter for iPhone,2,0,19,0,3306,Sun Mar 16 21:37:42 +0000 2025,en,0,false,1901387425126961392,false,false,user,daisyyy_s,https://x.com/daisyyy_s,https://twitter.com/daisyyy_s,1096949301975097344,Daisyyyy🇳🇬,false,,,,,,,,,,,,,,,,,,,
adolesence,tweet,1913598379570983060,https://x.com/i_bonil/status/1913598379570983060,https://twitter.com/i_bonil/status/1913598379570983060,"I'm crazy about episode 3 of ""Adolescence"" (on Netflix), a master class on how to combat deep-rooted machismo: confident, analytical, and questioning. How painful it is when brutality penetrates a child, to face a stunted tenderness. https://t.co/YAjdCf7MqD","I'm crazy about episode 3 of ""Adolescence"" (on Netflix), a master class on how to combat deep-rooted machismo: confident, analytical, and questioning. How painful it is when brutality penetrates a child, to face a stunted tenderness. https://t.co/YAjdCf7MqD",Twitter for iPhone,0,0,1,0,298,Sat Apr 19 14:19:41 +0000 2025,en,0,false,1913598379570983060,false,false,user,i_bonil,https://x.com/i_bonil,https://twitter.com/i_bonil,796547636765618176,ًًً,false,,,,,,,,,,,,,,,,,,,
adolesence,tweet,1901461592648126638,https://x.com/ivieani/status/1901461592648126638,https://twitter.com/ivieani/status/1901461592648126638,"Highly recommend watching Adolescence on Netflix. It does an excellent job of laying out how kids are being affected by incel culture online. Impeccable acting, writing, and cinematography. And the fact that it’s shot in one long continuous take. Brilliant show","Highly recommend watching Adolescence on Netflix. It does an excellent job of laying out how kids are being affected by incel culture online. Impeccable acting, writing, and cinematography. And the fact that it’s shot in one long continuous take. Brilliant show",Twitter for iPhone,6843,147,69126,271,4498757,Mon Mar 17 02:32:25 +0000 2025,en,18063,false,1901461592648126638,,false,user,ivieani,https://x.com/ivieani,https://twitter.com/ivieani,2159700978,Ivie Ani,false,241,691,65,682,682,1080,1920,fit,675,1200,fit,383,680,fit,150,150,crop,1080,1920
adolesence,tweet,1903969081440784757,https://x.com/kanrike/status/1903969081440784757,https://twitter.com/kanrike/status/1903969081440784757,Btw. Watch Adolesence on Netflix if you havent yet https://t.co/IcUjyjBRU7,Btw. Watch Adolesence on Netflix if you havent yet https://t.co/IcUjyjBRU7,Twitter for Android,0,0,1,0,219,Mon Mar 24 00:36:17 +0000 2025,en,0,false,1903969081440784757,false,false,user,kanrike,https://x.com/kanrike,https://twitter.com/kanrike,271952650,Kanrike,false,,,,,,,,,,,,,,,,,,,
adolesence,tweet,1900715902770770290,https://x.com/snowyl4ndo/status/1900715902770770290,https://twitter.com/snowyl4ndo/status/1900715902770770290,adolescence on netflix is fucking brilliant. it really highlights the epidemic of femicide caused by men and boys consuming so much content by andr*w t*te and men like him. how much harm and brainwashing these men do to young boys. this series is so raw and so powerful.,adolescence on netflix is fucking brilliant. it really highlights the epidemic of femicide caused by men and boys consuming so much content by andr*w t*te and men like him. how much harm and brainwashing these men do to young boys. this series is so raw and so powerful.,Twitter for iPhone,1009,35,5539,25,250371,Sat Mar 15 01:09:19 +0000 2025,en,324,false,1900715902770770290,,false,user,snowyl4ndo,https://x.com/snowyl4ndo,https://twitter.com/snowyl4ndo,605649925,alisha⁴ | ‎أليشا,false,,,,,,,,,,,,,,,,,,,
adolesence,tweet,1900213381279195646,https://x.com/Lou__007/status/1900213381279195646,https://twitter.com/Lou__007/status/1900213381279195646,"#Adolescence on #Netflix.. well done all. Outstanding cast, writing, beautifully shot in real time. Makes it feel real. The veteran cast is on point, but the youngsters steal the show. 
Heartbreakingly sad seeing children living in an adult world. And reflective of today's issues https://t.co/IndfD1VvsJ","#Adolescence on #Netflix.. well done all. Outstanding cast, writing, beautifully shot in real time. Makes it feel real. The veteran cast is on point, but the youngsters steal the show. 
Heartbreakingly sad seeing children living in an adult world. And reflective of today's issues https://t.co/IndfD1VvsJ",Twitter for Android,54,19,565,4,109813,Thu Mar 13 15:52:29 +0000 2025,en,16,false,1900213381279195646,false,false,user,Lou__007,https://x.com/Lou__007,https://twitter.com/Lou__007,872614843,Louise C.,false,,,,,,,,,,,,,,,,,,,
badinfluence,tweet,1910136720688849338,https://x.com/feminnazty/status/1910136720688849338,https://twitter.com/feminnazty/status/1910136720688849338,I am watching #badinfluence and Tiffany needs to be in PRISON NOW! Piper is still a minor and she needs to be saved #BadInfluenceTheDarkSideOfKidfluencing https://t.co/HVgWFSeAGh,I am watching #badinfluence and Tiffany needs to be in PRISON NOW! Piper is still a minor and she needs to be saved #BadInfluenceTheDarkSideOfKidfluencing https://t.co/HVgWFSeAGh,Twitter Web App,53,10,511,3,21209,Thu Apr 10 01:04:17 +0000 2025,en,4,false,1910136720688849338,false,false,user,feminnazty,https://x.com/feminnazty,https://twitter.com/feminnazty,550667486,Aspiring Feminist Icon,false,false,https://pbs.twimg.com/profile_images/1622786666409652224/vrluWu3N_normal.jpg,https://pbs.twimg.com/profile_banners/550667486/1648227434,"Will be a future US Senator one day, please don't take my tweets too seriously (she/they) Clinic Escort & @NYAAF Case Manager $AliaGT",NYC,514,534,,true,true,Wed Apr 11 03:38:23 +0000 2012,0,64113,true,false,1394,14631,false,1574569946658779136
badinfluence,tweet,1910142338275406063,https://x.com/feminnazty/status/1910142338275406063,https://twitter.com/feminnazty/status/1910142338275406063,"After watching #QuietOnSet and now #BadInfluenceTheDarkSideOfKidfluencing LORD HELP THESE CHILDREN 
#badinfluence https://t.co/xwoYzlNBTH","After watching #QuietOnSet and now #BadInfluenceTheDarkSideOfKidfluencing LORD HELP THESE CHILDREN 
#badinfluence https://t.co/xwoYzlNBTH",Twitter Web App,41,3,256,0,11591,Thu Apr 10 01:26:36 +0000 2025,en,8,false,1910142338275406063,false,false,user,feminnazty,https://x.com/feminnazty,https://twitter.com/feminnazty,550667486,Aspiring Feminist Icon,false,false,https://pbs.twimg.com/profile_images/1622786666409652224/vrluWu3N_normal.jpg,https://pbs.twimg.com/profile_banners/550667486/1648227434,"Will be a future US Senator one day, please don't take my tweets too seriously (she/they) Clinic Escort & @NYAAF Case Manager $AliaGT",NYC,514,534,,true,true,Wed Apr 11 03:38:23 +0000 2012,0,64113,true,false,1394,14631,false,1574569946658779136
badinfluence,tweet,1910512615337369885,https://x.com/alex_bleich/status/1910512615337369885,https://twitter.com/alex_bleich/status/1910512615337369885,sorry but the parents in #BadInfluence on netflix making excuses like “we didn’t know what was going on” please. you were willfully ignorant because you viewed your kids as cash cows.,sorry but the parents in #BadInfluence on netflix making excuses like “we didn’t know what was going on” please. you were willfully ignorant because you viewed your kids as cash cows.,Twitter for iPhone,65,13,461,7,14593,Fri Apr 11 01:57:57 +0000 2025,en,7,false,1910512615337369885,,false,user,alex_bleich,https://x.com/alex_bleich,https://twitter.com/alex_bleich,297728627,alex,false,false,https://pbs.twimg.com/profile_images/1911822322429816832/4_Ozx75C_normal.jpg,https://pbs.twimg.com/profile_banners/297728627/1645498416,what it do baby boo,"Toms River, NJ",228,287,,true,false,Fri May 13 00:49:17 +0000 2011,0,14572,true,false,1067,15046,false,
badinfluence,tweet,1910164208626377000,https://x.com/DaniAlexMusic/status/1910164208626377000,https://twitter.com/DaniAlexMusic/status/1910164208626377000,When kids become the primary breadwinners for their families there is no way they are not being exploited! People need to STOP watching family vlogs and child influencers #BadInfluenceTheDarkSideOfKidfluencing #badinfluence #piperrockelle https://t.co/nR5tsxRhWW,When kids become the primary breadwinners for their families there is no way they are not being exploited! People need to STOP watching family vlogs and child influencers #BadInfluenceTheDarkSideOfKidfluencing #badinfluence #piperrockelle https://t.co/nR5tsxRhWW,Twitter for iPhone,51,2,443,3,61103,Thu Apr 10 02:53:31 +0000 2025,en,7,false,1910164208626377000,false,false,user,DaniAlexMusic,https://x.com/DaniAlexMusic,https://twitter.com/DaniAlexMusic,268833472,Dani Alexandria,false,false,https://pbs.twimg.com/profile_images/1725186836698370049/pFUJjBUJ_normal.jpg,https://pbs.twimg.com/profile_banners/268833472/1635384252,"👸🏽Singer/ Songwriter, Entrepreneur & Disability advocate who is casually trying to change the world!🎙Let’s Talk Creative",Toronto,365,231,,false,true,Sat Mar 19 15:19:14 +0000 2011,0,38290,true,false,1331,18986,false,
badinfluence,tweet,1910396132015874419,https://x.com/Heather_ridg/status/1910396132015874419,https://twitter.com/Heather_ridg/status/1910396132015874419,"#BadInfluence is worse than I could’ve imagined. And all of those parents are at fault. You mean to tell me your child was being sexually abused and you settled for $170,000 each instead of letting your child testify and get this trafficker behind bars!? Gross","#BadInfluence is worse than I could’ve imagined. And all of those parents are at fault. You mean to tell me your child was being sexually abused and you settled for $170,000 each instead of letting your child testify and get this trafficker behind bars!? Gross",Twitter for iPhone,21,5,161,1,6459,Thu Apr 10 18:15:05 +0000 2025,en,6,false,1910396132015874419,,false,user,Heather_ridg,https://x.com/Heather_ridg,https://twitter.com/Heather_ridg,387877289,Heather Mitchell,false,false,https://pbs.twimg.com/profile_images/1499920934983159811/rJflcABV_normal.jpg,https://pbs.twimg.com/profile_banners/387877289/1653188170,,,138,229,,false,false,Sun Oct 09 20:22:33 +0000 2011,0,6163,true,false,511,7620,false,
badinfluence,tweet,1910010697070620988,https://x.com/sar_alice/status/1910010697070620988,https://twitter.com/sar_alice/status/1910010697070620988,Stop putting your children on the internet. Stop exploiting your children on the internet. Stop making money from your children on the internet! This series is insane! #badinfluence,Stop putting your children on the internet. Stop exploiting your children on the internet. Stop making money from your children on the internet! This series is insane! #badinfluence,Twitter for iPhone,53,3,279,2,82643,Wed Apr 09 16:43:31 +0000 2025,en,5,false,1910010697070620988,,false,user,sar_alice,https://x.com/sar_alice,https://twitter.com/sar_alice,764676110894235648,Sar,false,false,https://pbs.twimg.com/profile_images/1761453716765392897/VS5O7ui9_normal.jpg,https://pbs.twimg.com/profile_banners/764676110894235648/1730316525,🪿,"Liverpool, England",122,719,,false,true,Sun Aug 14 04:12:46 +0000 2016,0,44258,true,false,477,2774,false,1887246377543213130
badinfluence,tweet,1910603660024815718,https://x.com/DaniAlexMusic/status/1910603660024815718,https://twitter.com/DaniAlexMusic/status/1910603660024815718,"More importantly the VIEWERS need to stop watching/consuming the content 
The PLATFORMS need to stop hosting &amp; monetizing it

There will always be parents out there willing to put profits over their kids 

#BadInfluenceTheDarkSideOfKidfluencing #BadInfluence #PiperRockelle https://t.co/6BYwh66gZE","More importantly the VIEWERS need to stop watching/consuming the content 
The PLATFORMS need to stop hosting &amp; monetizing it

There will always be parents out there willing to put profits over their kids 

#BadInfluenceTheDarkSideOfKidfluencing #BadInfluence #PiperRockelle https://t.co/6BYwh66gZE",Twitter for iPhone,13,1,155,1,52627,Fri Apr 11 07:59:44 +0000 2025,en,1,false,1910603660024815718,false,false,user,DaniAlexMusic,https://x.com/DaniAlexMusic,https://twitter.com/DaniAlexMusic,268833472,Dani Alexandria,false,false,https://pbs.twimg.com/profile_images/1725186836698370049/pFUJjBUJ_normal.jpg,https://pbs.twimg.com/profile_banners/268833472/1635384252,"👸🏽Singer/ Songwriter, Entrepreneur & Disability advocate who is casually trying to change the world!🎙Let’s Talk Creative",Toronto,365,231,,false,true,Sat Mar 19 15:19:14 +0000 2011,0,38290,true,false,1331,18986,false,
badinfluence,tweet,1910051245835890962,https://x.com/JcanTediBear/status/1910051245835890962,https://twitter.com/JcanTediBear/status/1910051245835890962,Being 20 odd and a bunch of 12 year old are your 'best friends' #BadInfluence https://t.co/SR68zt06zc,Being 20 odd and a bunch of 12 year old are your 'best friends' #BadInfluence https://t.co/SR68zt06zc,Twitter for Android,0,1,147,0,7319,Wed Apr 09 19:24:38 +0000 2025,en,2,false,1910051245835890962,false,false,user,JcanTediBear,https://x.com/JcanTediBear,https://twitter.com/JcanTediBear,187330034,ted,false,false,https://pbs.twimg.com/profile_images/1833140070351507456/RHBJpb4__normal.jpg,https://pbs.twimg.com/profile_banners/187330034/1632024511,"more book recommendations than sense. loud, bright & sparkly.",Jamaica,354,396,,false,false,Sun Sep 05 22:58:57 +0000 2010,0,39266,true,false,4056,267939,false,
badinfluence,tweet,1910153185693675638,https://x.com/kleemar1234/status/1910153185693675638,https://twitter.com/kleemar1234/status/1910153185693675638,"I don't feel sorry for a single parent in this doc. They are all just as guilty as Tiffany - They're all trying to be ""cool,"" get quick money, or be their kid's friend rather than being an actual parent.
#badinfluence
#BadInfluenceTheDarkSideOfKidfluencing","I don't feel sorry for a single parent in this doc. They are all just as guilty as Tiffany - They're all trying to be ""cool,"" get quick money, or be their kid's friend rather than being an actual parent.
#badinfluence
#BadInfluenceTheDarkSideOfKidfluencing",Twitter for Android,13,3,140,1,7384,Thu Apr 10 02:09:43 +0000 2025,en,0,false,1910153185693675638,,false,user,kleemar1234,https://x.com/kleemar1234,https://twitter.com/kleemar1234,3307846056,mlk,false,false,https://pbs.twimg.com/profile_images/1818020091331592192/0DwVR4Uu_normal.jpg,https://pbs.twimg.com/profile_banners/3307846056/1659495912,"Spay, neuter, adopt, love, love & love♡
Don't buy into mass hate, panic, or fear.",,45,29,,false,true,Thu Aug 06 14:53:29 +0000 2015,0,7400,false,false,70,658,false,
badinfluence,tweet,1911546674344083919,https://x.com/zroomz/status/1911546674344083919,https://twitter.com/zroomz/status/1911546674344083919,The page Tiffany runs for her daughter it is kind of like OF #BadInfluence https://t.co/mZpv2U2xUa,The page Tiffany runs for her daughter it is kind of like OF #BadInfluence https://t.co/mZpv2U2xUa,Twitter for iPhone,0,0,0,1,84,Sun Apr 13 22:26:56 +0000 2025,en,0,false,1911546674344083919,false,false,user,zroomz,https://x.com/zroomz,https://twitter.com/zroomz,874661447665635329,ZroomZ,false,false,https://pbs.twimg.com/profile_images/1639743212469338114/ZmdQcxwX_normal.jpg,https://pbs.twimg.com/profile_banners/874661447665635329/1678225798,Specialist in the art of spending…,United States,5,38,,false,false,Tue Jun 13 16:15:14 +0000 2017,0,21,true,false,3,24,false,
blackmirror,tweet,1910858852901281792,https://x.com/__ColourGoddess/status/1910858852901281792,https://twitter.com/__ColourGoddess/status/1910858852901281792,"Nobody:
Verity Green:

#BlackMirror https://t.co/p28FPFPhxS","Nobody:
Verity Green:

#BlackMirror https://t.co/p28FPFPhxS",Twitter for iPhone,2272,65,14654,208,480383,Sat Apr 12 00:53:47 +0000 2025,en,385,false,1910858852901281792,false,false,user,__ColourGoddess,https://x.com/__ColourGoddess,https://twitter.com/__ColourGoddess,29547923,Hellstar ✨,false,,,,,,,,,,,,,,,,,,,
blackmirror,tweet,1911148862661595644,https://x.com/HighJachelle/status/1911148862661595644,https://twitter.com/HighJachelle/status/1911148862661595644,"First time I ever wanted to slap Tracee Ellis Ross 
#blackmirrorseason7 #BlackMirrorS7 #BlackMirror https://t.co/L0JkpkuDwJ","First time I ever wanted to slap Tracee Ellis Ross 
#blackmirrorseason7 #BlackMirrorS7 #BlackMirror https://t.co/L0JkpkuDwJ",Twitter for iPhone,1544,135,13062,429,576424,Sat Apr 12 20:06:10 +0000 2025,en,615,false,1911148862661595644,false,false,user,HighJachelle,https://x.com/HighJachelle,https://twitter.com/HighJachelle,67519475,Jachelle,false,,,,,,,,,,,,,,,,,,,
blackmirror,tweet,1911114362355429415,https://x.com/SiyaSomething/status/1911114362355429415,https://twitter.com/SiyaSomething/status/1911114362355429415,I’m feeling that Bête Noire is an allegory on how white women weaponize their tears &amp; gaslight to characterize black women as aggressors #BlackMirror https://t.co/kBkR3gulov,I’m feeling that Bête Noire is an allegory on how white women weaponize their tears &amp; gaslight to characterize black women as aggressors #BlackMirror https://t.co/kBkR3gulov,Twitter for Android,853,146,9206,358,413295,Sat Apr 12 17:49:05 +0000 2025,en,866,false,1911114362355429415,false,false,user,SiyaSomething,https://x.com/SiyaSomething,https://twitter.com/SiyaSomething,112447423,Siya,false,,,,,,,,,,,,,,,,,,,
blackmirror,tweet,1910881118573801525,https://x.com/_sforsierra/status/1910881118573801525,https://twitter.com/_sforsierra/status/1910881118573801525,I would beat Tracee Elliss Ross ass talking about Rivermind Lux lmao after In already upgraded!!!! #BlackMirror https://t.co/JmvE2V8Jzf,I would beat Tracee Elliss Ross ass talking about Rivermind Lux lmao after In already upgraded!!!! #BlackMirror https://t.co/JmvE2V8Jzf,Twitter for iPhone,602,17,4491,61,162494,Sat Apr 12 02:22:15 +0000 2025,en,76,false,1910881118573801525,false,false,user,_sforsierra,https://x.com/_sforsierra,https://twitter.com/_sforsierra,169668379,Murphy⚜️,false,,,,,,,,,,,,,,,,,,,
blackmirror,tweet,1910732487845707784,https://x.com/michelledaviis/status/1910732487845707784,https://twitter.com/michelledaviis/status/1910732487845707784,"What a fcking masterpiece. The best part is that you don't expect it to be so good when you start watching, but after some moments you're just getting lost in falling emotions. The best episode ever.

#hotelreverie #BlackMirror7 #blackmirror https://t.co/2SfMkQuQ6C","What a fcking masterpiece. The best part is that you don't expect it to be so good when you start watching, but after some moments you're just getting lost in falling emotions. The best episode ever.

#hotelreverie #BlackMirror7 #blackmirror https://t.co/2SfMkQuQ6C",Twitter for iPhone,649,36,3872,94,105911,Fri Apr 11 16:31:39 +0000 2025,en,231,false,1910732487845707784,false,false,user,michelledaviis,https://x.com/michelledaviis,https://twitter.com/michelledaviis,1513626247699574785,michelle,false,,,,,,,,,,,,,,,,,,,
blackmirror,tweet,1910540310431597013,https://x.com/theetequilamami/status/1910540310431597013,https://twitter.com/theetequilamami/status/1910540310431597013,Me at the end of the episode 2 of #BlackMirror https://t.co/djxqO4DRPd,Me at the end of the episode 2 of #BlackMirror https://t.co/djxqO4DRPd,Twitter for iPhone,553,34,5480,49,199111,Fri Apr 11 03:48:00 +0000 2025,en,172,false,1910540310431597013,false,false,user,theetequilamami,https://x.com/theetequilamami,https://twitter.com/theetequilamami,220703147,helly clarkson,false,,,,,,,,,,,,,,,,,,,
blackmirror,tweet,1910931956419743973,https://x.com/Thackerybinx86/status/1910931956419743973,https://twitter.com/Thackerybinx86/status/1910931956419743973,Finished episode 1 of #BlackMirror and I must say the darkness that made me fall in love with the show seems to be back! https://t.co/9hAew9WT55,Finished episode 1 of #BlackMirror and I must say the darkness that made me fall in love with the show seems to be back! https://t.co/9hAew9WT55,Twitter for iPhone,50,5,672,3,20595,Sat Apr 12 05:44:16 +0000 2025,en,15,false,1910931956419743973,false,false,user,Thackerybinx86,https://x.com/Thackerybinx86,https://twitter.com/Thackerybinx86,1260301460744667137,‘80s Horror Hoe,false,,,,,,,,,,,,,,,,,,,
blackmirror,tweet,1910519753950568610,https://x.com/emmfallsinlove/status/1910519753950568610,https://twitter.com/emmfallsinlove/status/1910519753950568610,netflix execs watching common people #BlackMirror https://t.co/DC25czqn0w,netflix execs watching common people #BlackMirror https://t.co/DC25czqn0w,Twitter for iPhone,898,15,6405,44,244944,Fri Apr 11 02:26:19 +0000 2025,en,245,false,1910519753950568610,false,false,user,emmfallsinlove,https://x.com/emmfallsinlove,https://twitter.com/emmfallsinlove,1268531792,emma 🪩,false,1008828218105790468,true,false,Circle,true,false,Mon Jun 18 21:46:05 +0000 2018,true,false,"Posts consist of Real Housewives, Nene & New York. DMs are open for any requests!",pendingpetition.carrd.co,https://pendingpetition.carrd.co,https://t.co/CwKGjmJA2D,0,23,0,1926,51747,982
blackmirror,tweet,1910592596403228708,https://x.com/jo___deci/status/1910592596403228708,https://twitter.com/jo___deci/status/1910592596403228708,"Just finished Bete Noire, very satisfying ending. Black queens forever. #BlackMirror https://t.co/JTj4BzSbV7","Just finished Bete Noire, very satisfying ending. Black queens forever. #BlackMirror https://t.co/JTj4BzSbV7",Twitter for iPhone,566,33,4901,44,153025,Fri Apr 11 07:15:46 +0000 2025,en,116,false,1910592596403228708,false,false,user,jo___deci,https://x.com/jo___deci,https://twitter.com/jo___deci,152046342,lil stallion,false,,,,,,,,,,,,,,,,,,,
blackmirror,tweet,1910404231204307430,https://x.com/KongoZande/status/1910404231204307430,https://twitter.com/KongoZande/status/1910404231204307430,"""Common People"" is one of those #BlackMirror episodes that you stay with you long after watching it. Dark, depressing, and heartbreaking. #BlackMirrorS7 • #blackmirror7 https://t.co/tDewrVitP9","""Common People"" is one of those #BlackMirror episodes that you stay with you long after watching it. Dark, depressing, and heartbreaking. #BlackMirrorS7 • #blackmirror7 https://t.co/tDewrVitP9",Twitter for Android,1043,83,7204,205,423263,Thu Apr 10 18:47:16 +0000 2025,en,297,false,1910404231204307430,false,false,user,KongoZande,https://x.com/KongoZande,https://twitter.com/KongoZande,1593555296479330304,🇨🇩 Zande✊🏾,false,,,,,,,,,,,,,,,,,,,
devilmaycry,tweet,1909163236211216701,https://x.com/PUBLlCTARGET/status/1909163236211216701,https://twitter.com/PUBLlCTARGET/status/1909163236211216701,"rollin rollin rollin 
#DevilMayCryNetflix https://t.co/4oobBUgmYs","rollin rollin rollin 
#DevilMayCryNetflix https://t.co/4oobBUgmYs",Twitter for Android,5536,22,31593,57,291607,Mon Apr 07 08:36:00 +0000 2025,fi,3176,false,1909163236211216701,false,false,user,PUBLlCTARGET,https://x.com/PUBLlCTARGET,https://twitter.com/PUBLlCTARGET,1411487234298040320,dav,false,false,https://pbs.twimg.com/profile_images/1830122128362127364/nscFZTwh_normal.jpg,https://pbs.twimg.com/profile_banners/1411487234298040320/1729336078,it goes with double L,"m, +16 SFW",2571,228,,false,true,Sun Jul 04 00:49:25 +0000 2021,0,11115,false,false,260,4795,false,1829181290542927912
devilmaycry,tweet,1912630733643878424,https://x.com/alinics_hmm/status/1912630733643878424,https://twitter.com/alinics_hmm/status/1912630733643878424,#DevilMayCryNetflix  #whiterabbit https://t.co/S1HuPijLQD,#DevilMayCryNetflix  #whiterabbit https://t.co/S1HuPijLQD,Twitter Web App,2093,40,17445,41,186029,Wed Apr 16 22:14:36 +0000 2025,qme,1927,false,1912630733643878424,false,false,user,alinics_hmm,https://x.com/alinics_hmm,https://twitter.com/alinics_hmm,1634122467345063936,Alinics,false,false,https://pbs.twimg.com/profile_images/1852289876500058112/Eu6-RKJt_normal.jpg,,"°Artist° Multifandom▪25▪°she/her°
commission open 0/3^^.
for tips: https://t.co/RzuLZ1LYDG",,1359,46,,true,true,Fri Mar 10 09:22:26 +0000 2023,0,11062,true,false,189,464,false,1879199509454192767
devilmaycry,tweet,1909615403384651948,https://x.com/AsherDaGato/status/1909615403384651948,https://twitter.com/AsherDaGato/status/1909615403384651948,"White rabbit✨

#DevilMayCry #DevilMayCryNetflix #fanart #whiterabbit https://t.co/690B2Pxd8V","White rabbit✨

#DevilMayCry #DevilMayCryNetflix #fanart #whiterabbit https://t.co/690B2Pxd8V",Twitter Web App,2485,27,16813,33,192169,Tue Apr 08 14:32:45 +0000 2025,en,1639,false,1909615403384651948,false,false,user,AsherDaGato,https://x.com/AsherDaGato,https://twitter.com/AsherDaGato,1864648539110035461,"Ash3r (Comms open, kofi)",false,false,https://pbs.twimg.com/profile_images/1908832021738344448/dHsOkl6O_normal.jpg,https://pbs.twimg.com/profile_banners/1864648539110035461/1743683238,"Hi ^_^ I'm Asher! || ( He/Him ) 16 TH/EN || Self-taught Artist || Mostly draw OC's || Draw whatever I like, or feel like it",Email : AsherDaGato@gmail.com,271,89,,true,true,Thu Dec 05 12:30:41 +0000 2024,0,1664,false,false,97,394,false,1908544127912075691
devilmaycry,tweet,1909812166636564791,https://x.com/dangerousbride/status/1909812166636564791,https://twitter.com/dangerousbride/status/1909812166636564791,"She's trying... 😅🫙
#DevilMayCry #DevilMayCryNetflix https://t.co/OyRfpZ4oTe","She's trying... 😅🫙
#DevilMayCry #DevilMayCryNetflix https://t.co/OyRfpZ4oTe",Twitter Web App,3408,150,44966,45,657046,Wed Apr 09 03:34:37 +0000 2025,en,6848,false,1909812166636564791,false,false,user,dangerousbride,https://x.com/dangerousbride,https://twitter.com/dangerousbride,755778602894065664,D♡Bride 💕,false,false,https://pbs.twimg.com/profile_images/1886209368028254208/rSj9AY6y_normal.jpg,https://pbs.twimg.com/profile_banners/755778602894065664/1738543456,"♀️ Artist || Bleach, DMC, Resident Evil and more!! 💞✨ || ⚠️ Suggestive themes || Do not repost my work without permission || https://t.co/e4W8IFFbMy",,349489,58,,false,true,Wed Jul 20 14:57:15 +0000 2016,0,5545,false,false,713,2229,false,1135376588458070023
devilmaycry,tweet,1913606704497070325,https://x.com/jumpoon/status/1913606704497070325,https://twitter.com/jumpoon/status/1913606704497070325,Devil May Cry 😢 #DevilMayCryNetflix #DMC https://t.co/c0c2ucyJHs,Devil May Cry 😢 #DevilMayCryNetflix #DMC https://t.co/c0c2ucyJHs,Twitter for iPad,375,15,3278,4,23077,Sat Apr 19 14:52:46 +0000 2025,en,463,false,1913606704497070325,false,false,user,jumpoon,https://x.com/jumpoon,https://twitter.com/jumpoon,68932251,Super-Jump,false,true,https://pbs.twimg.com/profile_images/1839265906045890561/66GCmKYR_normal.jpg,https://pbs.twimg.com/profile_banners/68932251/1643299920,"’It's just fanart, why you guys have to be serious?’ 🌹Simp for Lady🌹may nsfw sometimes 🔞",,21221,144,,true,false,Wed Aug 26 08:29:33 +0000 2009,0,33313,true,false,5259,22494,false,1911798890405482941
devilmaycry,tweet,1913056827522384359,https://x.com/jumpoon/status/1913056827522384359,https://twitter.com/jumpoon/status/1913056827522384359,I will always adore this hair style 🥹🥲❤️ #DevilMayCryNetflix https://t.co/xo6epAJnHv,I will always adore this hair style 🥹🥲❤️ #DevilMayCryNetflix https://t.co/xo6epAJnHv,Twitter for Android,145,15,1251,6,16229,Fri Apr 18 02:27:45 +0000 2025,en,128,false,1913056827522384359,false,false,user,jumpoon,https://x.com/jumpoon,https://twitter.com/jumpoon,68932251,Super-Jump,false,true,https://pbs.twimg.com/profile_images/1839265906045890561/66GCmKYR_normal.jpg,https://pbs.twimg.com/profile_banners/68932251/1643299920,"’It's just fanart, why you guys have to be serious?’ 🌹Simp for Lady🌹may nsfw sometimes 🔞",,21221,144,,true,false,Wed Aug 26 08:29:33 +0000 2009,0,33313,true,false,5259,22494,false,1911798890405482941
devilmaycry,tweet,1911798890405482941,https://x.com/jumpoon/status/1911798890405482941,https://twitter.com/jumpoon/status/1911798890405482941,Idiots.😝 #DevilMayCryNetflix #DevilMayCry #DMC https://t.co/jX8GufidAW,Idiots.😝 #DevilMayCryNetflix #DevilMayCry #DMC https://t.co/jX8GufidAW,Twitter for iPad,723,18,6325,14,140299,Mon Apr 14 15:09:09 +0000 2025,sv,1029,false,1911798890405482941,false,true,user,jumpoon,https://x.com/jumpoon,https://twitter.com/jumpoon,68932251,Super-Jump,false,true,https://pbs.twimg.com/profile_images/1839265906045890561/66GCmKYR_normal.jpg,https://pbs.twimg.com/profile_banners/68932251/1643299920,"’It's just fanart, why you guys have to be serious?’ 🌹Simp for Lady🌹may nsfw sometimes 🔞",,21221,144,,true,false,Wed Aug 26 08:29:33 +0000 2009,0,33313,true,false,5259,22494,false,1911798890405482941
devilmaycry,tweet,1912636677618823663,https://x.com/TheOgress/status/1912636677618823663,https://twitter.com/TheOgress/status/1912636677618823663,"J ai un problème ...mais j adore dessiner ce batard!!!! ✨️✨️

PARCE QUE LAPIN !!!! 🐰

#DevilMayCryNetflix #DevilMayCry #Whiterabbit https://t.co/pLwvBG7Y0H","J ai un problème ...mais j adore dessiner ce batard!!!! ✨️✨️

PARCE QUE LAPIN !!!! 🐰

#DevilMayCryNetflix #DevilMayCry #Whiterabbit https://t.co/pLwvBG7Y0H",Twitter for Android,384,9,3094,2,29372,Wed Apr 16 22:38:13 +0000 2025,fr,409,false,1912636677618823663,false,false,user,TheOgress,https://x.com/TheOgress,https://twitter.com/TheOgress,1282402937558519810,Rûga The Crimson Ogress - COMMISSIONS OPEN-,false,false,https://pbs.twimg.com/profile_images/1587763394748227585/QpaglsOO_normal.jpg,https://pbs.twimg.com/profile_banners/1282402937558519810/1667828998,I'm an animation student -24- ✍️😸💖....and I'm an nice ogress I promise ☆♡~♡☆,,238,1463,,true,true,Sun Jul 12 19:54:45 +0000 2020,0,63768,false,false,225,665,false,1808413678590451795
devilmaycry,tweet,1911246217847411058,https://x.com/jumpoon/status/1911246217847411058,https://twitter.com/jumpoon/status/1911246217847411058,"""He fell first, she fell harder."" 

#DevilMayCryNetflix #DevilMayCry https://t.co/3Ymnwql6aD","""He fell first, she fell harder."" 

#DevilMayCryNetflix #DevilMayCry https://t.co/3Ymnwql6aD",Twitter Web App,309,24,3411,35,120513,Sun Apr 13 02:33:02 +0000 2025,en,466,false,1911246217847411058,false,false,user,jumpoon,https://x.com/jumpoon,https://twitter.com/jumpoon,68932251,Super-Jump,false,true,https://pbs.twimg.com/profile_images/1839265906045890561/66GCmKYR_normal.jpg,https://pbs.twimg.com/profile_banners/68932251/1643299920,"’It's just fanart, why you guys have to be serious?’ 🌹Simp for Lady🌹may nsfw sometimes 🔞",,21221,144,,true,false,Wed Aug 26 08:29:33 +0000 2009,0,33313,true,false,5259,22494,false,1911798890405482941
devilmaycry,tweet,1910544716858552716,https://x.com/WolfMoon35/status/1910544716858552716,https://twitter.com/WolfMoon35/status/1910544716858552716,"DUDE THESE KEY ARTS?
Freakin fantastic, White Rabbit literally begging to be playable in a DMC game. Xp
#DevilMayCryNetflix https://t.co/kfF57eWmj7","DUDE THESE KEY ARTS?
Freakin fantastic, White Rabbit literally begging to be playable in a DMC game. Xp
#DevilMayCryNetflix https://t.co/kfF57eWmj7",Twitter for iPhone,391,20,2751,27,42199,Fri Apr 11 04:05:31 +0000 2025,en,481,false,1910544716858552716,false,false,user,WolfMoon35,https://x.com/WolfMoon35,https://twitter.com/WolfMoon35,1469006966,Wolf Moon(BUST COMMISSIONS CLOSED),false,false,https://pbs.twimg.com/profile_images/1633253119663669248/ZfLmYyrH_normal.jpg,https://pbs.twimg.com/profile_banners/1469006966/1735880861,"I'm a gamer who loves heroes, and is passionate about cartoons & apparently I suck at fighting games now. FA page: https://t.co/5ztpJXENuD",,4471,1451,,true,true,Thu May 30 05:34:25 +0000 2013,0,249723,false,false,11020,169008,false,1814176728128041187
gonegirls,tweet,1908895257040650689,https://x.com/cammiemark/status/1908895257040650689,https://twitter.com/cammiemark/status/1908895257040650689,The police are so useless. I don’t know why it still shocks me. Like she disappeared in a specific area and you don’t search it for 19 fucking months????????? #gonegirls https://t.co/RYGQyH3CyG,The police are so useless. I don’t know why it still shocks me. Like she disappeared in a specific area and you don’t search it for 19 fucking months????????? #gonegirls https://t.co/RYGQyH3CyG,Twitter for iPhone,3,1,28,0,1259,Sun Apr 06 14:51:09 +0000 2025,en,0,false,1908895257040650689,false,false,user,cammiemark,https://x.com/cammiemark,https://twitter.com/cammiemark,1219746421085175808,Camm,false,false,https://pbs.twimg.com/profile_images/1897722587280519168/Pv84hmQO_normal.jpg,https://pbs.twimg.com/profile_banners/1219746421085175808/1741445016,f1 fan. #TeamLH. reality tv junkie. avid reader.,Canada,1068,238,,true,true,Tue Jan 21 22:21:34 +0000 2020,bsky.app/profile/cammie…,https://bsky.app/profile/cammiemark.bsky.social,https://t.co/t63uURTS8Q,0,23,0,12714,true
gonegirls,tweet,1907453408568877538,https://x.com/Atia_Anishah/status/1907453408568877538,https://twitter.com/Atia_Anishah/status/1907453408568877538,"Watched this Netflix doc, and honestly, by the end I was more furious at the police than the actual SK. They captured everything ,the misogyny, the corruption, and the agonizing delays in justice.

#gonegirls
#gilgobeach

 https://t.co/RIX2pv7yuL","Watched this Netflix doc, and honestly, by the end I was more furious at the police than the actual SK. They captured everything ,the misogyny, the corruption, and the agonizing delays in justice.

#gonegirls
#gilgobeach

 https://t.co/RIX2pv7yuL",Twitter for Android,12,3,132,3,7118,Wed Apr 02 15:21:46 +0000 2025,en,3,false,1907453408568877538,false,false,user,Atia_Anishah,https://x.com/Atia_Anishah,https://twitter.com/Atia_Anishah,1563938949667495936,آتية🪷,false,false,https://pbs.twimg.com/profile_images/1907837763388583942/hpbgiFtR_normal.jpg,https://pbs.twimg.com/profile_banners/1563938949667495936/1741422741,Navigating life one plot twist at a time👩‍⚕️🩺 🌷🪽,,395,255,,false,false,Sun Aug 28 17:18:33 +0000 2022,,,,,,0,47346,false
gonegirls,tweet,1909042054325231877,https://x.com/RakitaMode/status/1909042054325231877,https://twitter.com/RakitaMode/status/1909042054325231877,#GoneGirls was an eerie docuseries about a serial killer. And this case was solved fairly recently that I had no idea about until I watched this series. Engaging series. Just 3 episodes. 👍🏽👍🏽 https://t.co/ilQqfuGExR,#GoneGirls was an eerie docuseries about a serial killer. And this case was solved fairly recently that I had no idea about until I watched this series. Engaging series. Just 3 episodes. 👍🏽👍🏽 https://t.co/ilQqfuGExR,Twitter for Android,0,1,4,0,623,Mon Apr 07 00:34:28 +0000 2025,en,0,false,1909042054325231877,false,false,user,RakitaMode,https://x.com/RakitaMode,https://twitter.com/RakitaMode,1024461095220785152,Zan,false,false,https://pbs.twimg.com/profile_images/1823702383156699136/mH0GgruP_normal.jpg,https://pbs.twimg.com/profile_banners/1024461095220785152/1690913321,Films & Series | Current Affairs | Cricket | Books,United States,1998,240,,false,false,Wed Aug 01 01:05:33 +0000 2018,,,,,,0,85924,true
gonegirls,tweet,1907921212635783371,https://x.com/PhD_OnTheCouch/status/1907921212635783371,https://twitter.com/PhD_OnTheCouch/status/1907921212635783371,"#gonegirls The Long Island Serial Killer on is very well done/victim centric &amp; the families are participating!
Must watch!

Great to see our Buffalo victim #MelissaBarthelemy's baby sister Amanda all grown up &amp; continuing to be BRAVE AF ❣️👊🏽 #Gilgo4 #LISK #RexHeuermann https://t.co/1Vfj2uDhoY","#gonegirls The Long Island Serial Killer on is very well done/victim centric &amp; the families are participating!
Must watch!

Great to see our Buffalo victim #MelissaBarthelemy's baby sister Amanda all grown up &amp; continuing to be BRAVE AF ❣️👊🏽 #Gilgo4 #LISK #RexHeuermann https://t.co/1Vfj2uDhoY",Twitter for Android,0,1,4,0,714,Thu Apr 03 22:20:39 +0000 2025,en,0,false,1907921212635783371,false,false,user,PhD_OnTheCouch,https://x.com/PhD_OnTheCouch,https://twitter.com/PhD_OnTheCouch,312301196,Ashley from 4th grade,false,false,https://pbs.twimg.com/profile_images/1857478959509774336/7b40Ekom_normal.jpg,https://pbs.twimg.com/profile_banners/312301196/1649528428,"🖤💛 Nocturnal species 💛🖤

Liars, narcissists & predators make me BOIL 🔥 
Also, I swear alot byyyyyyee",Nunya,6158,4707,,true,false,Mon Jun 06 22:19:29 +0000 2011,,,,,,0,119073,true
gonegirls,tweet,1906836949488517132,https://x.com/Nubiandarkchild/status/1906836949488517132,https://twitter.com/Nubiandarkchild/status/1906836949488517132,One thing Netflix is going to do is let us know the police didn’t do their damn job smdh #gonegirls,One thing Netflix is going to do is let us know the police didn’t do their damn job smdh #gonegirls,Twitter for iPhone,20,3,115,1,3692,Mon Mar 31 22:32:10 +0000 2025,en,0,false,1906836949488517132,,false,user,Nubiandarkchild,https://x.com/Nubiandarkchild,https://twitter.com/Nubiandarkchild,1142559546675748865,Nina,false,false,https://pbs.twimg.com/profile_images/1720925680739737600/pJGKhNYF_normal.jpg,https://pbs.twimg.com/profile_banners/1142559546675748865/1699135641,Alien Superstar 🙃💛🌻🌼🐝🏵,,55,361,,false,true,Sat Jun 22 22:26:38 +0000 2019,,,,,,0,79815,true
gonegirls,tweet,1907624907619397896,https://x.com/_CWOW/status/1907624907619397896,https://twitter.com/_CWOW/status/1907624907619397896,The way this just PMO wym she was found a half a mile away from where she was last seen??!!!   Omgg that really has me mad!! #gonegirls https://t.co/tTAnAhVPLz,The way this just PMO wym she was found a half a mile away from where she was last seen??!!!   Omgg that really has me mad!! #gonegirls https://t.co/tTAnAhVPLz,Twitter for iPhone,1,0,21,1,1220,Thu Apr 03 02:43:14 +0000 2025,en,0,false,1907624907619397896,false,false,user,_CWOW,https://x.com/_CWOW,https://twitter.com/_CWOW,325342446,Ms. Hilton ⭐️,false,false,https://pbs.twimg.com/profile_images/1891507950302228480/WPID1Yag_normal.jpg,https://pbs.twimg.com/profile_banners/325342446/1739805624,SLIM. SINGLE. 🌿♌️,"South Carolina, USA",472,1099,,false,false,Tue Jun 28 04:09:32 +0000 2011,,,,,,0,87593,true
gonegirls,tweet,1908449509840990484,https://x.com/jleeangela/status/1908449509840990484,https://twitter.com/jleeangela/status/1908449509840990484,"I cannot believe that the costello ladys friends literally saved her life from that man, just for her to go and die because the cops didnt do their job. That is insane!!!#gonegirls","I cannot believe that the costello ladys friends literally saved her life from that man, just for her to go and die because the cops didnt do their job. That is insane!!!#gonegirls",Twitter for Android,0,1,8,0,895,Sat Apr 05 09:19:55 +0000 2025,en,0,false,1908449509840990484,,false,user,jleeangela,https://x.com/jleeangela,https://twitter.com/jleeangela,3436302231,James Brown,false,false,https://pbs.twimg.com/profile_images/1800955218063986689/8qgZIJUH_normal.jpg,https://pbs.twimg.com/profile_banners/3436302231/1630171227,"10.06.21 🕊
Octobers Very Own
🇿🇦",,595,428,,true,true,Sun Aug 23 05:14:43 +0000 2015,,,,,,0,12416,true
gonegirls,tweet,1910055426986508295,https://x.com/TheL1P/status/1910055426986508295,https://twitter.com/TheL1P/status/1910055426986508295,"""... The first hour is too slow and too conventional and the good shit suddenly bursts forth halfway through the second episode, causing a jam-packed rush to the finish.""

My ★★★★ review of #GoneGirls: #TheLongIslandSerialKiller

https://t.co/uYVnlaQbkQ https://t.co/FF8SuqCnkb","""... The first hour is too slow and too conventional and the good shit suddenly bursts forth halfway through the second episode, causing a jam-packed rush to the finish.""

My ★★★★ review of #GoneGirls: #TheLongIslandSerialKiller

https://t.co/uYVnlaQbkQ https://t.co/FF8SuqCnkb",Twitter for Android,0,0,0,0,72,Wed Apr 09 19:41:15 +0000 2025,en,0,false,1910055426986508295,false,false,user,TheL1P,https://x.com/TheL1P,https://twitter.com/TheL1P,1696098211943833600,The L1P,false,false,https://pbs.twimg.com/profile_images/1874473480734846976/sjunNqPh_normal.jpg,https://pbs.twimg.com/profile_banners/1696098211943833600/1734792416,"The 'Jason Bourne of Uselessness', and as close/personal a friend to @leonard_mcclane as Clark Kent was to Superman. THE YIPPEE KI-YAY PRINCIPLE is on sale now.",,93,120,,false,false,Mon Aug 28 09:51:49 +0000 2023,linktr.ee/leonard_mcclane,http://linktr.ee/leonard_mcclane,https://t.co/WcWzuTmxxt,0,23,0,1577,false
gonegirls,tweet,1907941302668505246,https://x.com/Maddelirium3d/status/1907941302668505246,https://twitter.com/Maddelirium3d/status/1907941302668505246,Watching now. #RexHeuermann could end up being  one of the most notorious serial killers in American history and we may never know. There could be so many more undiscovered victims. #lisk #gonegirls #netflix https://t.co/nHT8vBn5cB,Watching now. #RexHeuermann could end up being  one of the most notorious serial killers in American history and we may never know. There could be so many more undiscovered victims. #lisk #gonegirls #netflix https://t.co/nHT8vBn5cB,Twitter Web App,0,0,4,0,528,Thu Apr 03 23:40:29 +0000 2025,en,0,false,1907941302668505246,false,false,user,Maddelirium3d,https://x.com/Maddelirium3d,https://twitter.com/Maddelirium3d,1632518730747088896,Madz 🇨🇦,false,false,https://pbs.twimg.com/profile_images/1911194705892716544/UCddMUDp_normal.jpg,https://pbs.twimg.com/profile_banners/1632518730747088896/1740897757,"3D Character Model Creator/3D Graphic Artist.

True Crime, Nature, Sci-Fi and Fantasy TV/Movies, Cat mom and wannabe Dragon tamer.",,90,137,,false,true,Sun Mar 05 23:09:39 +0000 2023,,,,,,0,2226,false
gonegirls,tweet,1907448353400430660,https://x.com/Wallflower2u/status/1907448353400430660,https://twitter.com/Wallflower2u/status/1907448353400430660,"WTF?!?!
RULES &amp; GUIDELINES to keep her 
SAFE?!?!
How about telling your FRIEND or 
FAMILY MEMBER to NOT be an 
ESCORT in the first place!!!!
#GoneGirlsTheLongIslandSerialKiller
#GoneGirls #LongIslandSerialKiller
#RexHeuermann #Netflix @netflix 
#TrueCrime #SerialKiller https://t.co/pj8dF77jQA","WTF?!?!
RULES &amp; GUIDELINES to keep her 
SAFE?!?!
How about telling your FRIEND or 
FAMILY MEMBER to NOT be an 
ESCORT in the first place!!!!
#GoneGirlsTheLongIslandSerialKiller
#GoneGirls #LongIslandSerialKiller
#RexHeuermann #Netflix @netflix 
#TrueCrime #SerialKiller https://t.co/pj8dF77jQA",Twitter for iPhone,0,0,0,0,177,Wed Apr 02 15:01:40 +0000 2025,en,0,false,1907448353400430660,false,false,user,Wallflower2u,https://x.com/Wallflower2u,https://twitter.com/Wallflower2u,854876958,JamieLee,false,true,https://pbs.twimg.com/profile_images/2683123125/f0ce9c6d3841d7e2060bce1cd70dc4be_normal.jpeg,https://pbs.twimg.com/profile_banners/854876958/1731831841,I post Trivia for TV SHOWS& MOVIES🎥 Mom of Teddy the Chakita & Stevie the No-eyed Boxer,"New York, USA",4063,3614,,true,false,Sun Sep 30 15:22:31 +0000 2012,,,,,,0,439138,true
loveonthespectrum,tweet,1911906955314033123,https://x.com/LatifahLives/status/1911906955314033123,https://twitter.com/LatifahLives/status/1911906955314033123,"Me every episode 🥹🥹
#loveonthespectrum https://t.co/FaqfbObw2Q","Me every episode 🥹🥹
#loveonthespectrum https://t.co/FaqfbObw2Q",Twitter for iPhone,29,0,106,0,3892,Mon Apr 14 22:18:34 +0000 2025,en,1,false,1911906955314033123,false,false,user,LatifahLives,https://x.com/LatifahLives,https://twitter.com/LatifahLives,62623292,Latifah 👑,false,false,https://pbs.twimg.com/profile_images/1890169822085894144/gfPEp0TN_normal.jpg,https://pbs.twimg.com/profile_banners/62623292/1739587613,Fearfully and Wonderfully made 👁🦉 | Professional Thinker 🧠💡,,1185,827,,false,false,Mon Aug 03 21:12:56 +0000 2009,0,81704,true,false,1953,50415,false,1522094991593644034
loveonthespectrum,tweet,1911802601319858303,https://x.com/Kstrapz2/status/1911802601319858303,https://twitter.com/Kstrapz2/status/1911802601319858303,Georgie from love on the spectrum is such an angel i actually can’t cope #LoveOnTheSpectrum https://t.co/cSvq5qSggR,Georgie from love on the spectrum is such an angel i actually can’t cope #LoveOnTheSpectrum https://t.co/cSvq5qSggR,Twitter for iPhone,3,3,80,0,3564,Mon Apr 14 15:23:54 +0000 2025,en,0,false,1911802601319858303,false,false,user,Kstrapz2,https://x.com/Kstrapz2,https://twitter.com/Kstrapz2,1606445588299513858,purple princess,false,false,https://pbs.twimg.com/profile_images/1733560630018195457/iT_yMOGk_normal.jpg,https://pbs.twimg.com/profile_banners/1606445588299513858/1702151642,Deleted at 1k,"Milton Keynes, England",69,229,,false,false,Sat Dec 24 00:24:19 +0000 2022,0,56794,true,false,547,8609,false,1606450139807326208
loveonthespectrum,tweet,1913100373755121980,https://x.com/MonicaaBogan/status/1913100373755121980,https://twitter.com/MonicaaBogan/status/1913100373755121980,"obsessed w connor he’s so dramatic and funny, I love a sassy diva #LoveOnTheSpectrum https://t.co/C2L7CxrSTm","obsessed w connor he’s so dramatic and funny, I love a sassy diva #LoveOnTheSpectrum https://t.co/C2L7CxrSTm",Twitter for iPhone,2,0,54,0,1708,Fri Apr 18 05:20:47 +0000 2025,en,1,false,1913100373755121980,false,false,user,MonicaaBogan,https://x.com/MonicaaBogan,https://twitter.com/MonicaaBogan,631341299,strong italian woman,false,false,https://pbs.twimg.com/profile_images/877976584749240320/yxbQQOZb_normal.jpg,https://pbs.twimg.com/profile_banners/631341299/1400729756,"lover of all things movies, music, TV and (pop) culture",chronically online,329,797,,true,false,Mon Jul 09 19:13:49 +0000 2012,0,109469,true,false,312,13267,false,637973749107703808
loveonthespectrum,tweet,1911836682929971700,https://x.com/whotfisjovana/status/1911836682929971700,https://twitter.com/whotfisjovana/status/1911836682929971700,His impressions of the guys from Love On The Spectrum are SO spot on it’s INSANE😭 https://t.co/HC8u9vtt8s,His impressions of the guys from Love On The Spectrum are SO spot on it’s INSANE😭 https://t.co/HC8u9vtt8s,Twitter for iPhone,79,10,1800,22,18103,Mon Apr 14 17:39:20 +0000 2025,en,535,false,1911836682929971700,false,false,user,whotfisjovana,https://x.com/whotfisjovana,https://twitter.com/whotfisjovana,1166387941,The Notorious J.O.V.,false,true,https://pbs.twimg.com/profile_images/1442270608109232129/NrIOEyYO_normal.jpg,https://pbs.twimg.com/profile_banners/1166387941/1651024615,"20X+ Viral Tweeter, Artist/Musician/Meme Queen/Content Creator/Tarot Reader/Ramen lover 🤎🐈 tips appreciated for coffee ! ☕️💤",Ms. Worldwide ✈️ She/Her,406479,7567,,true,false,Sun Feb 10 16:38:39 +0000 2013,0,144880,true,false,63653,170450,false,1860823515060138460
loveonthespectrum,tweet,1908560032343470142,https://x.com/kniivesz/status/1908560032343470142,https://twitter.com/kniivesz/status/1908560032343470142,love on the spectrum is so peak cuz what do u mean this guy got her an american girls doll on the second date cuz she collects them and what do u mean this girl didnt eat gluten all day in case her date who has celiac disease wanted to kiss,love on the spectrum is so peak cuz what do u mean this guy got her an american girls doll on the second date cuz she collects them and what do u mean this girl didnt eat gluten all day in case her date who has celiac disease wanted to kiss,Twitter for iPhone,9173,167,178937,847,2883403,Sat Apr 05 16:39:05 +0000 2025,en,8067,false,1908560032343470142,,false,user,kniivesz,https://x.com/kniivesz,https://twitter.com/kniivesz,1486106765804638215,myko ૮꒰ ˶• ༝ •˶꒱ა ♡,false,false,https://pbs.twimg.com/profile_images/1763972313408503808/NmgWaSVV_normal.jpg,https://pbs.twimg.com/profile_banners/1486106765804638215/1702996350,"task manager… kill him!! creator of minecraft, mother of breloom",she/they 22,232,278,,false,true,Tue Jan 25 22:40:59 +0000 2022,0,41659,true,false,1583,7357,false,
loveonthespectrum,tweet,1910893631315059021,https://x.com/emyemyemyy/status/1910893631315059021,https://twitter.com/emyemyemyy/status/1910893631315059021,Me during Abbie’s song on Love on the Spectrum https://t.co/hNzDxI89O1,Me during Abbie’s song on Love on the Spectrum https://t.co/hNzDxI89O1,Twitter for iPhone,6,0,76,0,4315,Sat Apr 12 03:11:59 +0000 2025,en,1,false,1910893631315059021,false,false,user,emyemyemyy,https://x.com/emyemyemyy,https://twitter.com/emyemyemyy,179972172,Emma,false,false,https://pbs.twimg.com/profile_images/1306029470265094144/baGeQ8Dc_normal.jpg,https://pbs.twimg.com/profile_banners/179972172/1531931100,designer and doodler ✏️,,115,97,,true,false,Wed Aug 18 14:50:13 +0000 2010,0,2835,false,false,10,1161,false,
loveonthespectrum,tweet,1910897165846696354,https://x.com/Chxrish__/status/1910897165846696354,https://twitter.com/Chxrish__/status/1910897165846696354,"Pari: “I wonder what it’s like to kiss a girl”
#LoveOnTheSpectrum https://t.co/OUzex8lo9s","Pari: “I wonder what it’s like to kiss a girl”
#LoveOnTheSpectrum https://t.co/OUzex8lo9s",Twitter for iPhone,2,0,23,1,1188,Sat Apr 12 03:26:01 +0000 2025,en,0,false,1910897165846696354,false,false,user,Chxrish__,https://x.com/Chxrish__,https://twitter.com/Chxrish__,1212054305487777793,C🖤,false,false,https://pbs.twimg.com/profile_images/1736238978997563392/9hsLIFFG_normal.jpg,https://pbs.twimg.com/profile_banners/1212054305487777793/1692336548,22. Conservation & Ecology 🍃,she/her,16,169,,false,false,Tue Dec 31 16:54:09 +0000 2019,0,53222,true,false,153,2238,false,
loveonthespectrum,tweet,1912744972845043892,https://x.com/StillTurq/status/1912744972845043892,https://twitter.com/StillTurq/status/1912744972845043892,"Will you be my boyfriend forever
Will you be my boyfriend forever
🥹🥹🥹🥹🥹
#LoveOnTheSpectrum https://t.co/aFPyQBCzwF","Will you be my boyfriend forever
Will you be my boyfriend forever
🥹🥹🥹🥹🥹
#LoveOnTheSpectrum https://t.co/aFPyQBCzwF",Twitter for iPhone,2,0,26,0,1380,Thu Apr 17 05:48:33 +0000 2025,en,0,false,1912744972845043892,false,false,user,StillTurq,https://x.com/StillTurq,https://twitter.com/StillTurq,33446389,Whoall Gonbedeh,false,false,https://pbs.twimg.com/profile_images/1676987665453916161/2Eu0oLce_normal.jpg,https://pbs.twimg.com/profile_banners/33446389/1502795200,,,315,711,,true,true,Mon Apr 20 06:27:57 +0000 2009,0,47475,true,false,648,23059,false,
loveonthespectrum,tweet,1911867836114350390,https://x.com/christxrose/status/1911867836114350390,https://twitter.com/christxrose/status/1911867836114350390,Love On The Spectrum makes you realize that romance could be so much more simple if everybody just said what they actually felt and didn’t constantly hold back out of the fear of appearing vulnerable,Love On The Spectrum makes you realize that romance could be so much more simple if everybody just said what they actually felt and didn’t constantly hold back out of the fear of appearing vulnerable,Twitter for iPhone,9,0,46,0,2062,Mon Apr 14 19:43:07 +0000 2025,en,1,false,1911867836114350390,,false,user,christxrose,https://x.com/christxrose,https://twitter.com/christxrose,966932592,CHRISTIAN ROSE 🕊️,false,false,https://pbs.twimg.com/profile_images/1910817934315757568/i4AAyPmk_normal.jpg,,"Chaos can be divine sometimes. Singer, Songwriter, Alchemist.","New York, NY",709,191,,true,false,Fri Nov 23 22:25:53 +0000 2012,0,27881,true,false,416,38891,false,1633281135282372609
loveonthespectrum,tweet,1911581607795843271,https://x.com/michelleranch_/status/1911581607795843271,https://twitter.com/michelleranch_/status/1911581607795843271,watching love on the spectrum and madison meets the perfect guy for her https://t.co/O1RB6SJEDP,watching love on the spectrum and madison meets the perfect guy for her https://t.co/O1RB6SJEDP,Twitter for iPhone,13,0,133,0,6718,Mon Apr 14 00:45:45 +0000 2025,en,3,false,1911581607795843271,false,false,user,michelleranch_,https://x.com/michelleranch_,https://twitter.com/michelleranch_,191641373,josh 👁️,false,false,https://pbs.twimg.com/profile_images/1801145939190497280/j8H66ZL3_normal.jpg,https://pbs.twimg.com/profile_banners/191641373/1682564967,your friend your soulmate your sister,"Chicago, IL",453,353,,true,false,Thu Sep 16 23:42:15 +0000 2010,0,77655,true,false,3205,22082,false,
northofnorth,tweet,1911279158291734635,https://x.com/tify330/status/1911279158291734635,https://twitter.com/tify330/status/1911279158291734635,Highly recommend North of the North on Netflix. Loved learning about the Inuit culture. Such a fun and well written show. https://t.co/FNUGBSFfFF,Highly recommend North of the North on Netflix. Loved learning about the Inuit culture. Such a fun and well written show. https://t.co/FNUGBSFfFF,Twitter for iPhone,64,16,460,11,104761,Sun Apr 13 04:43:55 +0000 2025,en,64,false,1911279158291734635,false,false,user,tify330,https://x.com/tify330,https://twitter.com/tify330,345110600,Candidly Tiff,false,true,https://pbs.twimg.com/profile_images/1909207108333015040/xoGeru4B_normal.jpg,https://pbs.twimg.com/profile_banners/345110600/1736106704,"MD Resident | Born & Raised in Brooklyn | 🇧🇿🇵🇷| Threads, TikTok, IG: candidly_tiff | Bluesky: tify330 | 2024 DNC Delegate",Maryland,52736,6018,,true,false,Sat Jul 30 02:32:40 +0000 2011,tiktok.com/@candidly_tiff,http://www.tiktok.com/@candidly_tiff,https://t.co/pb9k7jc5Ka,0,23,0,850242,true
northofnorth,tweet,1911279006005268719,https://x.com/goatbree/status/1911279006005268719,https://twitter.com/goatbree/status/1911279006005268719,Okay for real North of North is genuinely just a solid good watch https://t.co/Zbluo0OphM,Okay for real North of North is genuinely just a solid good watch https://t.co/Zbluo0OphM,Twitter for iPhone,2,0,18,0,864,Sun Apr 13 04:43:19 +0000 2025,en,0,false,1911279006005268719,false,false,user,goatbree,https://x.com/goatbree,https://twitter.com/goatbree,470837523,Goatbree,false,false,https://pbs.twimg.com/profile_images/1887630781616697344/LKELK54U_normal.jpg,https://pbs.twimg.com/profile_banners/470837523/1740359664,She/Her | Demi-Queer Muslimah Raging Against the Machine,PNW,391,550,,false,false,Sun Jan 22 06:18:31 +0000 2012,,,,,,0,66139,true
northofnorth,tweet,1911071810726002812,https://x.com/netflix/status/1911071810726002812,https://twitter.com/netflix/status/1911071810726002812,New comfort show loading...North of North is now playing! https://t.co/ZUJfX2yQpJ,New comfort show loading...North of North is now playing! https://t.co/ZUJfX2yQpJ,Netflix,138,34,2179,51,670046,Sat Apr 12 15:00:00 +0000 2025,en,642,false,1911071810726002812,false,false,user,netflix,https://x.com/netflix,https://twitter.com/netflix,16573941,Netflix,false,true,https://pbs.twimg.com/profile_images/1872671711700582400/6WLZxYpq_normal.jpg,https://pbs.twimg.com/profile_banners/16573941/1744271035,barnies,"California, USA",22853435,2222,,true,false,Fri Oct 03 04:16:17 +0000 2008,netflix.com,https://netflix.com,https://t.co/plHjUOcU1u,0,23,0,16002,true
northofnorth,tweet,1913407081148813526,https://x.com/JoshEakle/status/1913407081148813526,https://twitter.com/JoshEakle/status/1913407081148813526,A photo of Boston's old North Church last night. https://t.co/FP5jyvy3DD,A photo of Boston's old North Church last night. https://t.co/FP5jyvy3DD,Twitter for Android,9812,795,65873,286,1701336,Sat Apr 19 01:39:32 +0000 2025,en,2221,false,1913407081148813526,false,false,user,JoshEakle,https://x.com/JoshEakle,https://twitter.com/JoshEakle,88016448,Joshua Reed Eakle 🗽,false,true,https://pbs.twimg.com/profile_images/1741680372453183488/qJWJEhNE_normal.jpg,https://pbs.twimg.com/profile_banners/88016448/1721018627,Executive Director @ProjectLiberal. Husband and father. Liberal. Views are my own.,,57305,7599,,true,false,Fri Nov 06 19:42:22 +0000 2009,joshuaeakle.com,http://joshuaeakle.com,https://t.co/DAFbXDYnth,0,23,0,104262,true
northofnorth,tweet,1912113676271624472,https://x.com/netflix/status/1912113676271624472,https://twitter.com/netflix/status/1912113676271624472,North of North is for the real yearners https://t.co/MxsG3mFdYf,North of North is for the real yearners https://t.co/MxsG3mFdYf,Netflix,71,42,867,17,298332,Tue Apr 15 12:00:00 +0000 2025,en,208,false,1912113676271624472,false,false,user,netflix,https://x.com/netflix,https://twitter.com/netflix,16573941,Netflix,false,true,https://pbs.twimg.com/profile_images/1872671711700582400/6WLZxYpq_normal.jpg,https://pbs.twimg.com/profile_banners/16573941/1744271035,barnies,"California, USA",22853435,2222,,true,false,Fri Oct 03 04:16:17 +0000 2008,netflix.com,https://netflix.com,https://t.co/plHjUOcU1u,0,23,0,16002,true
northofnorth,tweet,1900185138694414624,https://x.com/netflix/status/1900185138694414624,https://twitter.com/netflix/status/1900185138694414624,"She lives up north but her life just went south —  time to find a new direction. 

North of North, a new comedy series premieres April 10. https://t.co/JAw2Lm7YwQ","She lives up north but her life just went south —  time to find a new direction. 

North of North, a new comedy series premieres April 10. https://t.co/JAw2Lm7YwQ",Twitter Media Studio,263,65,2465,65,164920,Thu Mar 13 14:00:15 +0000 2025,en,610,false,1900185138694414624,false,false,user,netflix,https://x.com/netflix,https://twitter.com/netflix,16573941,Netflix,false,true,https://pbs.twimg.com/profile_images/1872671711700582400/6WLZxYpq_normal.jpg,https://pbs.twimg.com/profile_banners/16573941/1744271035,barnies,"California, USA",22853435,2222,,true,false,Fri Oct 03 04:16:17 +0000 2008,netflix.com,https://netflix.com,https://t.co/plHjUOcU1u,0,23,0,16002,true
northofnorth,tweet,1913566543415230703,https://x.com/Mollyploofkins/status/1913566543415230703,https://twitter.com/Mollyploofkins/status/1913566543415230703,Boston’s Old North Church on the 250th anniversary of Paul Revere’s midnight ride. https://t.co/d5GX0LUXFq,Boston’s Old North Church on the 250th anniversary of Paul Revere’s midnight ride. https://t.co/d5GX0LUXFq,Twitter Web App,189,7,421,6,6224,Sat Apr 19 12:13:10 +0000 2025,en,11,false,1913566543415230703,false,false,user,Mollyploofkins,https://x.com/Mollyploofkins,https://twitter.com/Mollyploofkins,1274695868793458689,Molly Ploofkins,false,true,https://pbs.twimg.com/profile_images/1900939743099314176/rw-DqgO5_normal.jpg,https://pbs.twimg.com/profile_banners/1274695868793458689/1634211125,"Retired Army Medic | Registered Nurse | Pro-Democracy News/Politics/Discussion/Books/My Dog Molly 

As an Amazon Associate I earn from qualifying purchases.",USA,102433,8273,,false,false,Sun Jun 21 13:29:19 +0000 2020,amzn.to/3Q6L1Ur,https://amzn.to/3Q6L1Ur,https://t.co/1W4AXsaFeO,0,23,0,797269,true
northofnorth,tweet,1911614461208908134,https://x.com/girlnameddi/status/1911614461208908134,https://twitter.com/girlnameddi/status/1911614461208908134,"North of North is about an Inuk woman taking back her life… and, maybe… finding love? I love the show and the soundtrack is ice cold. ❄️ https://t.co/cbJaGOeLdb","North of North is about an Inuk woman taking back her life… and, maybe… finding love? I love the show and the soundtrack is ice cold. ❄️ https://t.co/cbJaGOeLdb",Twitter for iPhone,3,1,35,0,1211,Mon Apr 14 02:56:18 +0000 2025,en,2,false,1911614461208908134,false,false,user,girlnameddi,https://x.com/girlnameddi,https://twitter.com/girlnameddi,1513416942064910337,Diana Williston,false,false,https://pbs.twimg.com/profile_images/1773342991161200640/V4Xm9bPn_normal.jpg,https://pbs.twimg.com/profile_banners/1513416942064910337/1742769307,🔆Choctaw—Mississipi Choctaw 🔆Indigiqueer                                    🔆Follower of brown-skinned Jesus 🔆Child advocate,"Wright City, OK",435,331,,false,false,Mon Apr 11 07:21:44 +0000 2022,,,,,,0,2652,true
northofnorth,tweet,1912897743653126630,https://x.com/stellarislunvr/status/1912897743653126630,https://twitter.com/stellarislunvr/status/1912897743653126630,"North of North is a delightful and lighthearted comedy but expertly tackles themes of generational trauma, motherhood (young motherhood specifically), and gender norms within your community. Season 2, please! https://t.co/Q1l47eLwnj","North of North is a delightful and lighthearted comedy but expertly tackles themes of generational trauma, motherhood (young motherhood specifically), and gender norms within your community. Season 2, please! https://t.co/Q1l47eLwnj",Twitter for iPhone,3,0,8,0,268,Thu Apr 17 15:55:36 +0000 2025,en,0,false,1912897743653126630,false,false,user,stellarislunvr,https://x.com/stellarislunvr,https://twitter.com/stellarislunvr,840029976011427841,❤️‍🔥,false,false,https://pbs.twimg.com/profile_images/1881856398092312576/-zCaSC-6_normal.jpg,https://pbs.twimg.com/profile_banners/840029976011427841/1737504514,love you mean it,de la isla,1461,399,,true,false,Fri Mar 10 02:42:08 +0000 2017,,,,,,0,138043,true
northofnorth,tweet,1911023482642608517,https://x.com/nvdjas/status/1911023482642608517,https://twitter.com/nvdjas/status/1911023482642608517,this is the best anyones ever looked in the history of drag race https://t.co/PEC72xnYDr,this is the best anyones ever looked in the history of drag race https://t.co/PEC72xnYDr,Twitter for iPhone,995,104,15653,245,524150,Sat Apr 12 11:47:58 +0000 2025,en,581,false,1911023482642608517,false,false,user,nvdjas,https://x.com/nvdjas,https://twitter.com/nvdjas,1473314882909003783,north suzie akgae,false,false,https://pbs.twimg.com/profile_images/1911456260353937408/aYYxBNnw_normal.jpg,https://pbs.twimg.com/profile_banners/1473314882909003783/1744563768,that one girl that does NOT play about suzie toot,she her 🏴󠁧󠁢󠁳󠁣󠁴󠁿,1767,1128,,false,false,Tue Dec 21 15:30:22 +0000 2021,boxd.it/3q7ih,https://boxd.it/3q7ih,https://t.co/HcTb7eXLQk,0,23,0,123168,true