[{
  "title": "Bad Influence: The Dark Side of Kidfluencing: Season 1",
  "hoursViewed": "24,800,000",
  "views": "9,800,000",
  "weeksInTop10": "1",
  "duration": "2:32",
  "rank": "01"
},
{
  "title": "Adolescence: Limited Series",
  "hoursViewed": "37,000,000",
  "views": "9,700,000",
  "weeksInTop10": "5",
  "duration": "3:50",
  "rank": "02"
},
{
  "title": "PULSE: Season 1",
  "hoursViewed": "68,100,000",
  "views": "8,500,000",
  "weeksInTop10": "2",
  "duration": "7:58",
  "rank": "03"
},
{
  "title": "Black Mirror: Season 7",
  "hoursViewed": "43,700,000",
  "views": "7,100,000",
  "weeksInTop10": "1",
  "duration": "6:11",
  "rank": "04"
},
{
  "title": "Devil May Cry: Season 1",
  "hoursViewed": "20,200,000",
  "views": "5,100,000",
  "weeksInTop10": "2",
  "duration": "3:56",
  "rank": "05"
},
{
  "title": "Gone Girls: The Long Island Serial Killer: Season 1",
  "hoursViewed": "10,100,000",
  "views": "3,800,000",
  "weeksInTop10": "2",
  "duration": "2:39",
  "rank": "06"
},
{
  "title": "Love on the Spectrum: Season 3",
  "hoursViewed": "20,000,000",
  "views": "3,600,000",
  "weeksInTop10": "2",
  "duration": "5:35",
  "rank": "07"
},
{
  "title": "The Residence: Season 1",
  "hoursViewed": "24,100,000",
  "views": "3,100,000",
  "weeksInTop10": "4",
  "duration": "7:44",
  "rank": "08"
},
{
  "title": "North of North: Season 1",
  "hoursViewed": "10,000,000",
  "views": "3,000,000",
  "weeksInTop10": "1",
  "duration": "3:21",
  "rank": "09"
},
{
  "title": "Raw: 2025 - April 7, 2025",
  "hoursViewed": "5,700,000",
  "views": "2,800,000",
  "weeksInTop10": "1",
  "duration": "1:50",
  "rank": "10"
}]