[{
  "type": "tweet",
  "id": "1911950534283575296",
  "url": "https://x.com/_CerebralA/status/1911950534283575296",
  "twitterUrl": "https://twitter.com/_CerebralA/status/1911950534283575296",
  "text": "Karrion Kross got the pants from the person AJ Styles gets his from 👀 #WWERaw https://t.co/SzyAOAbRsi",
  "fullText": "Karrion Kross got the pants from the person AJ Styles gets his from 👀 #WWERaw https://t.co/SzyAOAbRsi",
  "source": "Twitter for iPhone",
  "retweetCount": 60,
  "replyCount": 17,
  "likeCount": 563,
  "quoteCount": 3,
  "viewCount": 57473,
  "createdAt": "Tue Apr 15 01:11:44 +0000 2025",
  "lang": "en",
  "bookmarkCount": 43,
  "isReply": false,
  "conversationId": "1911950534283575296",
  "possiblySensitive": false,
  "isPinned": false,
  "author": {
    "type": "user",
    "userName": "_CerebralA",
    "url": "https://x.com/_CerebralA",
    "twitterUrl": "https://twitter.com/_CerebralA",
    "id": "1716979603401543680",
    "name": "M 💯 | Wrestling Fan",
    "isVerified": false,
    "isBlueVerified": true,
    "profilePicture": "https://pbs.twimg.com/profile_images/1872431840755154944/JPUrGqap_normal.jpg",
    "coverPicture": "https://pbs.twimg.com/profile_banners/1716979603401543680/1744938575",
    "description": "Fan Account | Followed by; Zelina Vega/Karrion Kross/John Cena/BjRay/Osiris/Buffys | Interactions in Expanded Bio |ZV Army🇵🇷|LivDom❤️‍🔥|LMWT🌎|Bloodline🩸|",
    "location": "The Island Of Relevancy ☝🏽🩸",
    "followers": 3277,
    "following": 7499,
    "status": "",
    "canDm": true,
    "canMediaTag": true,
    "createdAt": "Wed Oct 25 00:47:26 +0000 2023",
    "entities": {
      "description": {
        "urls": []
      }
    },
    "fastFollowersCount": 0,
    "favouritesCount": 41609,
    "hasCustomTimelines": false,
    "isTranslator": false,
    "mediaCount": 6405,
    "statusesCount": 12945,
    "withheldInCountries": [],
    "affiliatesHighlightedLabel": {},
    "possiblySensitive": false,
    "pinnedTweetIds": [
      "1816493587908997507"
    ]
  },
  "extendedEntities": {
    "media": [
      {
        "display_url": "pic.x.com/SzyAOAbRsi",
        "expanded_url": "https://x.com/_CerebralA/status/1911950534283575296/video/1",
        "id_str": "1911950472744669184",
        "indices": [
          78,
          101
        ],
        "media_key": "3_1911950472744669184",
        "media_url_https": "https://pbs.twimg.com/media/Goic0zQWEAAVt7y.jpg",
        "type": "photo",
        "url": "https://t.co/SzyAOAbRsi",
        "ext_media_availability": {
          "status": "Available"
        },
        "features": {
          "all": {
            "tags": [
              {
                "user_id": "3000699650",
                "name": "Kevin Robert Kesar",
                "screen_name": "realKILLERkross",
                "type": "user"
              },
              {
                "user_id": "3000699650",
                "name": "Kevin Robert Kesar",
                "screen_name": "realKILLERkross",
                "type": "user"
              }
            ]
          },
          "large": {
            "faces": []
          },
          "medium": {
            "faces": []
          },
          "small": {
            "faces": []
          },
          "orig": {
            "faces": []
          }
        },
        "sizes": {
          "large": {
            "h": 540,
            "w": 959,
            "resize": "fit"
          },
          "medium": {
            "h": 540,
            "w": 959,
            "resize": "fit"
          },
          "small": {
            "h": 383,
            "w": 680,
            "resize": "fit"
          },
          "thumb": {
            "h": 150,
            "w": 150,
            "resize": "crop"
          }
        },
        "original_info": {
          "height": 540,
          "width": 959,
          "focus_rects": [
            {
              "x": 0,
              "y": 0,
              "w": 959,
              "h": 537
            },
            {
              "x": 233,
              "y": 0,
              "w": 540,
              "h": 540
            },
            {
              "x": 266,
              "y": 0,
              "w": 474,
              "h": 540
            },
            {
              "x": 368,
              "y": 0,
              "w": 270,
              "h": 540
            },
            {
              "x": 0,
              "y": 0,
              "w": 959,
              "h": 540
            }
          ]
        },
        "media_results": {
          "result": {
            "media_key": "3_1911950472744669184"
          }
        }
      },
      {
        "display_url": "pic.x.com/SzyAOAbRsi",
        "expanded_url": "https://x.com/_CerebralA/status/1911950534283575296/video/1",
        "id_str": "1911950472769863680",
        "indices": [
          78,
          101
        ],
        "media_key": "13_1911950472769863680",
        "media_url_https": "https://pbs.twimg.com/amplify_video_thumb/1911950472769863680/img/dfziTV997ubov9QT.jpg",
        "type": "video",
        "url": "https://t.co/SzyAOAbRsi",
        "additional_media_info": {
          "monetizable": false
        },
        "ext_media_availability": {
          "status": "Available"
        },
        "sizes": {
          "large": {
            "h": 1230,
            "w": 1080,
            "resize": "fit"
          },
          "medium": {
            "h": 1200,
            "w": 1054,
            "resize": "fit"
          },
          "small": {
            "h": 680,
            "w": 597,
            "resize": "fit"
          },
          "thumb": {
            "h": 150,
            "w": 150,
            "resize": "crop"
          }
        },
        "original_info": {
          "height": 1230,
          "width": 1080,
          "focus_rects": []
        },
        "allow_download_status": {
          "allow_download": true
        },
        "video_info": {
          "aspect_ratio": [
            36,
            41
          ],
          "duration_millis": 4998,
          "variants": [
            {
              "content_type": "application/x-mpegURL",
              "url": "https://video.twimg.com/amplify_video/1911950472769863680/pl/7ejXLZp9iCCpwNz4.m3u8?tag=16"
            },
            {
              "bitrate": 632000,
              "content_type": "video/mp4",
              "url": "https://video.twimg.com/amplify_video/1911950472769863680/vid/avc1/320x364/HRJaVoSb81m1qVPT.mp4?tag=16"
            },
            {
              "bitrate": 950000,
              "content_type": "video/mp4",
              "url": "https://video.twimg.com/amplify_video/1911950472769863680/vid/avc1/480x546/J_uaIA-7PG1txlcd.mp4?tag=16"
            },
            {
              "bitrate": 2176000,
              "content_type": "video/mp4",
              "url": "https://video.twimg.com/amplify_video/1911950472769863680/vid/avc1/720x820/QPp-iirmuI1LT9gg.mp4?tag=16"
            },
            {
              "bitrate": 10368000,
              "content_type": "video/mp4",
              "url": "https://video.twimg.com/amplify_video/1911950472769863680/vid/avc1/1080x1230/_0vQmpzEDuqThnXY.mp4?tag=16"
            }
          ]
        },
        "media_results": {
          "result": {
            "media_key": "13_1911950472769863680"
          }
        }
      }
    ]
  },
  "card": {},
  "place": {},
  "entities": {
    "hashtags": [
      {
        "indices": [
          70,
          77
        ],
        "text": "WWERaw"
      }
    ],
    "media": [
      {
        "display_url": "pic.x.com/SzyAOAbRsi",
        "expanded_url": "https://x.com/_CerebralA/status/1911950534283575296/video/1",
        "id_str": "1911950472744669184",
        "indices": [
          78,
          101
        ],
        "media_key": "3_1911950472744669184",
        "media_url_https": "https://pbs.twimg.com/media/Goic0zQWEAAVt7y.jpg",
        "type": "photo",
        "url": "https://t.co/SzyAOAbRsi",
        "ext_media_availability": {
          "status": "Available"
        },
        "features": {
          "all": {
            "tags": [
              {
                "user_id": "3000699650",
                "name": "Kevin Robert Kesar",
                "screen_name": "realKILLERkross",
                "type": "user"
              },
              {
                "user_id": "3000699650",
                "name": "Kevin Robert Kesar",
                "screen_name": "realKILLERkross",
                "type": "user"
              }
            ]
          },
          "large": {
            "faces": []
          },
          "medium": {
            "faces": []
          },
          "small": {
            "faces": []
          },
          "orig": {
            "faces": []
          }
        },
        "sizes": {
          "large": {
            "h": 540,
            "w": 959,
            "resize": "fit"
          },
          "medium": {
            "h": 540,
            "w": 959,
            "resize": "fit"
          },
          "small": {
            "h": 383,
            "w": 680,
            "resize": "fit"
          },
          "thumb": {
            "h": 150,
            "w": 150,
            "resize": "crop"
          }
        },
        "original_info": {
          "height": 540,
          "width": 959,
          "focus_rects": [
            {
              "x": 0,
              "y": 0,
              "w": 959,
              "h": 537
            },
            {
              "x": 233,
              "y": 0,
              "w": 540,
              "h": 540
            },
            {
              "x": 266,
              "y": 0,
              "w": 474,
              "h": 540
            },
            {
              "x": 368,
              "y": 0,
              "w": 270,
              "h": 540
            },
            {
              "x": 0,
              "y": 0,
              "w": 959,
              "h": 540
            }
          ]
        },
        "media_results": {
          "result": {
            "media_key": "3_1911950472744669184"
          }
        }
      },
      {
        "display_url": "pic.x.com/SzyAOAbRsi",
        "expanded_url": "https://x.com/_CerebralA/status/1911950534283575296/video/1",
        "id_str": "1911950472769863680",
        "indices": [
          78,
          101
        ],
        "media_key": "13_1911950472769863680",
        "media_url_https": "https://pbs.twimg.com/amplify_video_thumb/1911950472769863680/img/dfziTV997ubov9QT.jpg",
        "type": "video",
        "url": "https://t.co/SzyAOAbRsi",
        "additional_media_info": {
          "monetizable": false
        },
        "ext_media_availability": {
          "status": "Available"
        },
        "sizes": {
          "large": {
            "h": 1230,
            "w": 1080,
            "resize": "fit"
          },
          "medium": {
            "h": 1200,
            "w": 1054,
            "resize": "fit"
          },
          "small": {
            "h": 680,
            "w": 597,
            "resize": "fit"
          },
          "thumb": {
            "h": 150,
            "w": 150,
            "resize": "crop"
          }
        },
        "original_info": {
          "height": 1230,
          "width": 1080,
          "focus_rects": []
        },
        "allow_download_status": {
          "allow_download": true
        },
        "video_info": {
          "aspect_ratio": [
            36,
            41
          ],
          "duration_millis": 4998,
          "variants": [
            {
              "content_type": "application/x-mpegURL",
              "url": "https://video.twimg.com/amplify_video/1911950472769863680/pl/7ejXLZp9iCCpwNz4.m3u8?tag=16"
            },
            {
              "bitrate": 632000,
              "content_type": "video/mp4",
              "url": "https://video.twimg.com/amplify_video/1911950472769863680/vid/avc1/320x364/HRJaVoSb81m1qVPT.mp4?tag=16"
            },
            {
              "bitrate": 950000,
              "content_type": "video/mp4",
              "url": "https://video.twimg.com/amplify_video/1911950472769863680/vid/avc1/480x546/J_uaIA-7PG1txlcd.mp4?tag=16"
            },
            {
              "bitrate": 2176000,
              "content_type": "video/mp4",
              "url": "https://video.twimg.com/amplify_video/1911950472769863680/vid/avc1/720x820/QPp-iirmuI1LT9gg.mp4?tag=16"
            },
            {
              "bitrate": 10368000,
              "content_type": "video/mp4",
              "url": "https://video.twimg.com/amplify_video/1911950472769863680/vid/avc1/1080x1230/_0vQmpzEDuqThnXY.mp4?tag=16"
            }
          ]
        },
        "media_results": {
          "result": {
            "media_key": "13_1911950472769863680"
          }
        }
      }
    ],
    "symbols": [],
    "timestamps": [],
    "urls": [],
    "user_mentions": []
  },
  "isRetweet": false,
  "isQuote": false,
  "media": [
    "https://pbs.twimg.com/media/Goic0zQWEAAVt7y.jpg",
    "https://pbs.twimg.com/amplify_video_thumb/1911950472769863680/img/dfziTV997ubov9QT.jpg"
  ],
  "isConversationControlled": false
},
{
  "type": "tweet",
  "id": "1912131275646697631",
  "url": "https://x.com/WWEFrance/status/1912131275646697631",
  "twitterUrl": "https://twitter.com/WWEFrance/status/1912131275646697631",
  "text": "👀 Watch Me \n\n@YaOnlyLivvOnce #WWERaw https://t.co/3HX9e6qlY1",
  "fullText": "👀 Watch Me \n\n@YaOnlyLivvOnce #WWERaw https://t.co/3HX9e6qlY1",
  "source": "Twitter for iPhone",
  "retweetCount": 420,
  "replyCount": 37,
  "likeCount": 5443,
  "quoteCount": 9,
  "viewCount": 68998,
  "createdAt": "Tue Apr 15 13:09:56 +0000 2025",
  "lang": "en",
  "bookmarkCount": 498,
  "isReply": false,
  "conversationId": "1912131275646697631",
  "possiblySensitive": false,
  "isPinned": false,
  "author": {
    "type": "user",
    "userName": "WWEFrance",
    "url": "https://x.com/WWEFrance",
    "twitterUrl": "https://twitter.com/WWEFrance",
    "id": "56331074",
    "name": "WWE France",
    "isVerified": false,
    "verifiedType": "Business",
    "isBlueVerified": true,
    "profilePicture": "https://pbs.twimg.com/profile_images/1150853096416956416/cgiD-cor_normal.jpg",
    "coverPicture": "https://pbs.twimg.com/profile_banners/56331074/1743465345",
    "description": "Inscription prévente pour WWE Clash in Paris 31/8 & WWE Raw 1/9 - Paris La Défense Arena ⤵️",
    "location": "France",
    "followers": 82862,
    "following": 439,
    "status": "",
    "canDm": false,
    "canMediaTag": true,
    "createdAt": "Mon Jul 13 09:25:13 +0000 2009",
    "entities": {
      "description": {
        "urls": []
      },
      "url": {
        "urls": [
          {
            "display_url": "wwe.com/wweparis-presa…",
            "expanded_url": "https://www.wwe.com/wweparis-presale",
            "url": "https://t.co/kgwfcplv34",
            "indices": [
              0,
              23
            ]
          }
        ]
      }
    },
    "fastFollowersCount": 0,
    "favouritesCount": 4207,
    "hasCustomTimelines": true,
    "isTranslator": false,
    "mediaCount": 10044,
    "statusesCount": 21452,
    "withheldInCountries": [],
    "affiliatesHighlightedLabel": {
      "label": {
        "url": {
          "url": "https://twitter.com/WWE",
          "urlType": "DeepLink"
        },
        "badge": {
          "url": "https://pbs.twimg.com/profile_images/1383079031805972485/3sWoMX-R_bigger.jpg"
        },
        "description": "WWE",
        "userLabelType": "BusinessLabel",
        "userLabelDisplayType": "Badge"
      }
    },
    "possiblySensitive": false,
    "pinnedTweetIds": [
      "1913150610956042424"
    ]
  },
  "extendedEntities": {
    "media": [
      {
        "display_url": "pic.x.com/3HX9e6qlY1",
        "expanded_url": "https://x.com/WWEFrance/status/1912131275646697631/photo/1",
        "id_str": "1912131272211664896",
        "indices": [
          37,
          60
        ],
        "media_key": "3_1912131272211664896",
        "media_url_https": "https://pbs.twimg.com/media/GolBQtwXkAAaIrU.jpg",
        "type": "photo",
        "url": "https://t.co/3HX9e6qlY1",
        "ext_media_availability": {
          "status": "Available"
        },
        "features": {
          "large": {
            "faces": [
              {
                "x": 496,
                "y": 237,
                "h": 417,
                "w": 417
              }
            ]
          },
          "medium": {
            "faces": [
              {
                "x": 396,
                "y": 189,
                "h": 333,
                "w": 333
              }
            ]
          },
          "small": {
            "faces": [
              {
                "x": 224,
                "y": 107,
                "h": 189,
                "w": 189
              }
            ]
          },
          "orig": {
            "faces": [
              {
                "x": 496,
                "y": 237,
                "h": 417,
                "w": 417
              }
            ]
          }
        },
        "sizes": {
          "large": {
            "h": 1500,
            "w": 1200,
            "resize": "fit"
          },
          "medium": {
            "h": 1200,
            "w": 960,
            "resize": "fit"
          },
          "small": {
            "h": 680,
            "w": 544,
            "resize": "fit"
          },
          "thumb": {
            "h": 150,
            "w": 150,
            "resize": "crop"
          }
        },
        "original_info": {
          "height": 1500,
          "width": 1200,
          "focus_rects": [
            {
              "x": 0,
              "y": 151,
              "w": 1200,
              "h": 672
            },
            {
              "x": 0,
              "y": 0,
              "w": 1200,
              "h": 1200
            },
            {
              "x": 0,
              "y": 0,
              "w": 1200,
              "h": 1368
            },
            {
              "x": 337,
              "y": 0,
              "w": 750,
              "h": 1500
            },
            {
              "x": 0,
              "y": 0,
              "w": 1200,
              "h": 1500
            }
          ]
        },
        "media_results": {
          "result": {
            "media_key": "3_1912131272211664896"
          }
        }
      }
    ]
  },
  "card": {},
  "place": {},
  "entities": {
    "hashtags": [
      {
        "indices": [
          29,
          36
        ],
        "text": "WWERaw"
      }
    ],
    "media": [
      {
        "display_url": "pic.x.com/3HX9e6qlY1",
        "expanded_url": "https://x.com/WWEFrance/status/1912131275646697631/photo/1",
        "id_str": "1912131272211664896",
        "indices": [
          37,
          60
        ],
        "media_key": "3_1912131272211664896",
        "media_url_https": "https://pbs.twimg.com/media/GolBQtwXkAAaIrU.jpg",
        "type": "photo",
        "url": "https://t.co/3HX9e6qlY1",
        "ext_media_availability": {
          "status": "Available"
        },
        "features": {
          "large": {
            "faces": [
              {
                "x": 496,
                "y": 237,
                "h": 417,
                "w": 417
              }
            ]
          },
          "medium": {
            "faces": [
              {
                "x": 396,
                "y": 189,
                "h": 333,
                "w": 333
              }
            ]
          },
          "small": {
            "faces": [
              {
                "x": 224,
                "y": 107,
                "h": 189,
                "w": 189
              }
            ]
          },
          "orig": {
            "faces": [
              {
                "x": 496,
                "y": 237,
                "h": 417,
                "w": 417
              }
            ]
          }
        },
        "sizes": {
          "large": {
            "h": 1500,
            "w": 1200,
            "resize": "fit"
          },
          "medium": {
            "h": 1200,
            "w": 960,
            "resize": "fit"
          },
          "small": {
            "h": 680,
            "w": 544,
            "resize": "fit"
          },
          "thumb": {
            "h": 150,
            "w": 150,
            "resize": "crop"
          }
        },
        "original_info": {
          "height": 1500,
          "width": 1200,
          "focus_rects": [
            {
              "x": 0,
              "y": 151,
              "w": 1200,
              "h": 672
            },
            {
              "x": 0,
              "y": 0,
              "w": 1200,
              "h": 1200
            },
            {
              "x": 0,
              "y": 0,
              "w": 1200,
              "h": 1368
            },
            {
              "x": 337,
              "y": 0,
              "w": 750,
              "h": 1500
            },
            {
              "x": 0,
              "y": 0,
              "w": 1200,
              "h": 1500
            }
          ]
        },
        "media_results": {
          "result": {
            "media_key": "3_1912131272211664896"
          }
        }
      }
    ],
    "symbols": [],
    "timestamps": [],
    "urls": [],
    "user_mentions": [
      {
        "id_str": "2245639517",
        "name": "LIV Morgan",
        "screen_name": "YaOnlyLivvOnce",
        "indices": [
          13,
          28
        ]
      }
    ]
  },
  "isRetweet": false,
  "isQuote": false,
  "media": [
    "https://pbs.twimg.com/media/GolBQtwXkAAaIrU.jpg"
  ],
  "isConversationControlled": false
},
{
  "type": "tweet",
  "id": "1911963234942197927",
  "url": "https://x.com/SanchoWest/status/1911963234942197927",
  "twitterUrl": "https://twitter.com/SanchoWest/status/1911963234942197927",
  "text": "I would do the same Carlito\n\n#WWERaw https://t.co/6OGdl7B1GP",
  "fullText": "I would do the same Carlito\n\n#WWERaw https://t.co/6OGdl7B1GP",
  "source": "Twitter Web App",
  "retweetCount": 900,
  "replyCount": 34,
  "likeCount": 19440,
  "quoteCount": 29,
  "viewCount": 366022,
  "createdAt": "Tue Apr 15 02:02:12 +0000 2025",
  "lang": "en",
  "bookmarkCount": 707,
  "isReply": false,
  "conversationId": "1911963234942197927",
  "possiblySensitive": false,
  "isPinned": false,
  "author": {
    "type": "user",
    "userName": "SanchoWest",
    "url": "https://x.com/SanchoWest",
    "twitterUrl": "https://twitter.com/SanchoWest",
    "id": "1330660705",
    "name": "SanchoWest",
    "isVerified": false,
    "isBlueVerified": true,
    "profilePicture": "https://pbs.twimg.com/profile_images/1597493990277857280/RhMGfjCU_normal.jpg",
    "coverPicture": "https://pbs.twimg.com/profile_banners/1330660705/1665543692",
    "description": "Gamer Dad • Professional Host for Hire Wrestling is Cool podcast Co-host\n📨sanchowest@evolved.gg\n📼 https://t.co/wmt5vy1TNY\n🔴 https://t.co/09jvq01GlY",
    "location": "Austin, TX",
    "followers": 26305,
    "following": 2492,
    "status": "",
    "canDm": true,
    "canMediaTag": true,
    "createdAt": "Sat Apr 06 04:03:57 +0000 2013",
    "entities": {
      "description": {
        "urls": [
          {
            "display_url": "YouTube.com/SanchoWest",
            "expanded_url": "http://YouTube.com/SanchoWest",
            "url": "https://t.co/wmt5vy1TNY",
            "indices": [
              98,
              121
            ]
          },
          {
            "display_url": "Twitch.tv/sanchowest",
            "expanded_url": "http://Twitch.tv/sanchowest",
            "url": "https://t.co/09jvq01GlY",
            "indices": [
              124,
              147
            ]
          }
        ]
      },
      "url": {
        "urls": [
          {
            "display_url": "tiktok.com/@sanchowest",
            "expanded_url": "https://tiktok.com/@sanchowest",
            "url": "https://t.co/VCw8jdlA0H",
            "indices": [
              0,
              23
            ]
          }
        ]
      }
    },
    "fastFollowersCount": 0,
    "favouritesCount": 18735,
    "hasCustomTimelines": true,
    "isTranslator": false,
    "mediaCount": 14180,
    "statusesCount": 33506,
    "withheldInCountries": [],
    "affiliatesHighlightedLabel": {},
    "possiblySensitive": false,
    "pinnedTweetIds": [
      "1899870915258712260"
    ]
  },
  "extendedEntities": {
    "media": [
      {
        "display_url": "pic.x.com/6OGdl7B1GP",
        "expanded_url": "https://x.com/SanchoWest/status/1911963234942197927/photo/1",
        "id_str": "1911963188519669761",
        "indices": [
          37,
          60
        ],
        "media_key": "3_1911963188519669761",
        "media_url_https": "https://pbs.twimg.com/media/GoioY9NWkAEpVuK.jpg",
        "type": "photo",
        "url": "https://t.co/6OGdl7B1GP",
        "ext_media_availability": {
          "status": "Available"
        },
        "features": {
          "large": {
            "faces": [
              {
                "x": 924,
                "y": 397,
                "h": 69,
                "w": 69
              },
              {
                "x": 228,
                "y": 437,
                "h": 212,
                "w": 212
              },
              {
                "x": 1161,
                "y": 513,
                "h": 456,
                "w": 456
              }
            ]
          },
          "medium": {
            "faces": [
              {
                "x": 541,
                "y": 232,
                "h": 40,
                "w": 40
              },
              {
                "x": 133,
                "y": 256,
                "h": 124,
                "w": 124
              },
              {
                "x": 680,
                "y": 300,
                "h": 267,
                "w": 267
              }
            ]
          },
          "small": {
            "faces": [
              {
                "x": 306,
                "y": 132,
                "h": 23,
                "w": 23
              },
              {
                "x": 75,
                "y": 145,
                "h": 70,
                "w": 70
              },
              {
                "x": 385,
                "y": 170,
                "h": 151,
                "w": 151
              }
            ]
          },
          "orig": {
            "faces": [
              {
                "x": 1155,
                "y": 497,
                "h": 87,
                "w": 87
              },
              {
                "x": 285,
                "y": 547,
                "h": 265,
                "w": 265
              },
              {
                "x": 1452,
                "y": 642,
                "h": 570,
                "w": 570
              }
            ]
          }
        },
        "sizes": {
          "large": {
            "h": 1152,
            "w": 2048,
            "resize": "fit"
          },
          "medium": {
            "h": 675,
            "w": 1200,
            "resize": "fit"
          },
          "small": {
            "h": 383,
            "w": 680,
            "resize": "fit"
          },
          "thumb": {
            "h": 150,
            "w": 150,
            "resize": "crop"
          }
        },
        "original_info": {
          "height": 1440,
          "width": 2560,
          "focus_rects": [
            {
              "x": 0,
              "y": 0,
              "w": 2560,
              "h": 1434
            },
            {
              "x": 0,
              "y": 0,
              "w": 1440,
              "h": 1440
            },
            {
              "x": 73,
              "y": 0,
              "w": 1263,
              "h": 1440
            },
            {
              "x": 344,
              "y": 0,
              "w": 720,
              "h": 1440
            },
            {
              "x": 0,
              "y": 0,
              "w": 2560,
              "h": 1440
            }
          ]
        },
        "allow_download_status": {
          "allow_download": true
        },
        "media_results": {
          "result": {
            "media_key": "3_1911963188519669761"
          }
        }
      }
    ]
  },
  "card": {},
  "place": {},
  "entities": {
    "hashtags": [
      {
        "indices": [
          29,
          36
        ],
        "text": "WWERaw"
      }
    ],
    "media": [
      {
        "display_url": "pic.x.com/6OGdl7B1GP",
        "expanded_url": "https://x.com/SanchoWest/status/1911963234942197927/photo/1",
        "id_str": "1911963188519669761",
        "indices": [
          37,
          60
        ],
        "media_key": "3_1911963188519669761",
        "media_url_https": "https://pbs.twimg.com/media/GoioY9NWkAEpVuK.jpg",
        "type": "photo",
        "url": "https://t.co/6OGdl7B1GP",
        "ext_media_availability": {
          "status": "Available"
        },
        "features": {
          "large": {
            "faces": [
              {
                "x": 924,
                "y": 397,
                "h": 69,
                "w": 69
              },
              {
                "x": 228,
                "y": 437,
                "h": 212,
                "w": 212
              },
              {
                "x": 1161,
                "y": 513,
                "h": 456,
                "w": 456
              }
            ]
          },
          "medium": {
            "faces": [
              {
                "x": 541,
                "y": 232,
                "h": 40,
                "w": 40
              },
              {
                "x": 133,
                "y": 256,
                "h": 124,
                "w": 124
              },
              {
                "x": 680,
                "y": 300,
                "h": 267,
                "w": 267
              }
            ]
          },
          "small": {
            "faces": [
              {
                "x": 306,
                "y": 132,
                "h": 23,
                "w": 23
              },
              {
                "x": 75,
                "y": 145,
                "h": 70,
                "w": 70
              },
              {
                "x": 385,
                "y": 170,
                "h": 151,
                "w": 151
              }
            ]
          },
          "orig": {
            "faces": [
              {
                "x": 1155,
                "y": 497,
                "h": 87,
                "w": 87
              },
              {
                "x": 285,
                "y": 547,
                "h": 265,
                "w": 265
              },
              {
                "x": 1452,
                "y": 642,
                "h": 570,
                "w": 570
              }
            ]
          }
        },
        "sizes": {
          "large": {
            "h": 1152,
            "w": 2048,
            "resize": "fit"
          },
          "medium": {
            "h": 675,
            "w": 1200,
            "resize": "fit"
          },
          "small": {
            "h": 383,
            "w": 680,
            "resize": "fit"
          },
          "thumb": {
            "h": 150,
            "w": 150,
            "resize": "crop"
          }
        },
        "original_info": {
          "height": 1440,
          "width": 2560,
          "focus_rects": [
            {
              "x": 0,
              "y": 0,
              "w": 2560,
              "h": 1434
            },
            {
              "x": 0,
              "y": 0,
              "w": 1440,
              "h": 1440
            },
            {
              "x": 73,
              "y": 0,
              "w": 1263,
              "h": 1440
            },
            {
              "x": 344,
              "y": 0,
              "w": 720,
              "h": 1440
            },
            {
              "x": 0,
              "y": 0,
              "w": 2560,
              "h": 1440
            }
          ]
        },
        "allow_download_status": {
          "allow_download": true
        },
        "media_results": {
          "result": {
            "media_key": "3_1911963188519669761"
          }
        }
      }
    ],
    "symbols": [],
    "timestamps": [],
    "urls": [],
    "user_mentions": []
  },
  "isRetweet": false,
  "isQuote": false,
  "media": [
    "https://pbs.twimg.com/media/GoioY9NWkAEpVuK.jpg"
  ],
  "isConversationControlled": false
},
{
  "type": "tweet",
  "id": "1911949893276512265",
  "url": "https://x.com/theanglejoey/status/1911949893276512265",
  "twitterUrl": "https://twitter.com/theanglejoey/status/1911949893276512265",
  "text": "Kross looks like a freakin superstar! @realKILLERkross #WWERAW https://t.co/xs10Uf2HzA",
  "fullText": "Kross looks like a freakin superstar! @realKILLERkross #WWERAW https://t.co/xs10Uf2HzA",
  "source": "Twitter for iPhone",
  "retweetCount": 252,
  "replyCount": 152,
  "likeCount": 5630,
  "quoteCount": 34,
  "viewCount": 166571,
  "createdAt": "Tue Apr 15 01:09:11 +0000 2025",
  "lang": "en",
  "bookmarkCount": 114,
  "isReply": false,
  "conversationId": "1911949893276512265",
  "possiblySensitive": false,
  "isPinned": false,
  "author": {
    "type": "user",
    "userName": "theanglejoey",
    "url": "https://x.com/theanglejoey",
    "twitterUrl": "https://twitter.com/theanglejoey",
    "id": "1124375819797843970",
    "name": "Joey Karni",
    "isVerified": false,
    "isBlueVerified": true,
    "profilePicture": "https://pbs.twimg.com/profile_images/1808559805474238464/mQx2iV59_normal.jpg",
    "coverPicture": "https://pbs.twimg.com/profile_banners/1124375819797843970/1734736702",
    "description": "Join @joeykarni for DAILY Pro Wrestling Content, Superstar Chats, & WWE insight! Host of The Angle Podcast| ➡️ Contact: theanglejoey@gmail.com",
    "location": "New Jersey, USA",
    "followers": 14154,
    "following": 7396,
    "status": "",
    "canDm": false,
    "canMediaTag": true,
    "createdAt": "Fri May 03 18:11:00 +0000 2019",
    "entities": {
      "description": {
        "urls": []
      },
      "url": {
        "urls": [
          {
            "display_url": "linktr.ee/theanglejoey?s…",
            "expanded_url": "https://linktr.ee/theanglejoey?subscribe",
            "url": "https://t.co/J4IPTP2lEe",
            "indices": [
              0,
              23
            ]
          }
        ]
      }
    },
    "fastFollowersCount": 0,
    "favouritesCount": 48119,
    "hasCustomTimelines": true,
    "isTranslator": false,
    "mediaCount": 11867,
    "statusesCount": 48137,
    "withheldInCountries": [],
    "affiliatesHighlightedLabel": {},
    "possiblySensitive": false,
    "pinnedTweetIds": [
      "1887245086389592232"
    ]
  },
  "extendedEntities": {
    "media": [
      {
        "display_url": "pic.x.com/xs10Uf2HzA",
        "expanded_url": "https://x.com/theanglejoey/status/1911949893276512265/photo/1",
        "id_str": "1911949889241575425",
        "indices": [
          63,
          86
        ],
        "media_key": "3_1911949889241575425",
        "media_url_https": "https://pbs.twimg.com/media/GoicS1iXcAEkOpC.jpg",
        "type": "photo",
        "url": "https://t.co/xs10Uf2HzA",
        "ext_media_availability": {
          "status": "Available"
        },
        "features": {
          "large": {
            "faces": [
              {
                "x": 432,
                "y": 241,
                "h": 48,
                "w": 48
              }
            ]
          },
          "medium": {
            "faces": [
              {
                "x": 432,
                "y": 241,
                "h": 48,
                "w": 48
              }
            ]
          },
          "small": {
            "faces": [
              {
                "x": 274,
                "y": 153,
                "h": 30,
                "w": 30
              }
            ]
          },
          "orig": {
            "faces": [
              {
                "x": 432,
                "y": 241,
                "h": 48,
                "w": 48
              }
            ]
          }
        },
        "sizes": {
          "large": {
            "h": 602,
            "w": 1070,
            "resize": "fit"
          },
          "medium": {
            "h": 602,
            "w": 1070,
            "resize": "fit"
          },
          "small": {
            "h": 383,
            "w": 680,
            "resize": "fit"
          },
          "thumb": {
            "h": 150,
            "w": 150,
            "resize": "crop"
          }
        },
        "original_info": {
          "height": 602,
          "width": 1070,
          "focus_rects": [
            {
              "x": 0,
              "y": 0,
              "w": 1070,
              "h": 599
            },
            {
              "x": 260,
              "y": 0,
              "w": 602,
              "h": 602
            },
            {
              "x": 297,
              "y": 0,
              "w": 528,
              "h": 602
            },
            {
              "x": 411,
              "y": 0,
              "w": 301,
              "h": 602
            },
            {
              "x": 0,
              "y": 0,
              "w": 1070,
              "h": 602
            }
          ]
        },
        "media_results": {
          "result": {
            "media_key": "3_1911949889241575425"
          }
        }
      }
    ]
  },
  "card": {},
  "place": {},
  "entities": {
    "hashtags": [
      {
        "indices": [
          55,
          62
        ],
        "text": "WWERAW"
      }
    ],
    "media": [
      {
        "display_url": "pic.x.com/xs10Uf2HzA",
        "expanded_url": "https://x.com/theanglejoey/status/1911949893276512265/photo/1",
        "id_str": "1911949889241575425",
        "indices": [
          63,
          86
        ],
        "media_key": "3_1911949889241575425",
        "media_url_https": "https://pbs.twimg.com/media/GoicS1iXcAEkOpC.jpg",
        "type": "photo",
        "url": "https://t.co/xs10Uf2HzA",
        "ext_media_availability": {
          "status": "Available"
        },
        "features": {
          "large": {
            "faces": [
              {
                "x": 432,
                "y": 241,
                "h": 48,
                "w": 48
              }
            ]
          },
          "medium": {
            "faces": [
              {
                "x": 432,
                "y": 241,
                "h": 48,
                "w": 48
              }
            ]
          },
          "small": {
            "faces": [
              {
                "x": 274,
                "y": 153,
                "h": 30,
                "w": 30
              }
            ]
          },
          "orig": {
            "faces": [
              {
                "x": 432,
                "y": 241,
                "h": 48,
                "w": 48
              }
            ]
          }
        },
        "sizes": {
          "large": {
            "h": 602,
            "w": 1070,
            "resize": "fit"
          },
          "medium": {
            "h": 602,
            "w": 1070,
            "resize": "fit"
          },
          "small": {
            "h": 383,
            "w": 680,
            "resize": "fit"
          },
          "thumb": {
            "h": 150,
            "w": 150,
            "resize": "crop"
          }
        },
        "original_info": {
          "height": 602,
          "width": 1070,
          "focus_rects": [
            {
              "x": 0,
              "y": 0,
              "w": 1070,
              "h": 599
            },
            {
              "x": 260,
              "y": 0,
              "w": 602,
              "h": 602
            },
            {
              "x": 297,
              "y": 0,
              "w": 528,
              "h": 602
            },
            {
              "x": 411,
              "y": 0,
              "w": 301,
              "h": 602
            },
            {
              "x": 0,
              "y": 0,
              "w": 1070,
              "h": 602
            }
          ]
        },
        "media_results": {
          "result": {
            "media_key": "3_1911949889241575425"
          }
        }
      }
    ],
    "symbols": [],
    "timestamps": [],
    "urls": [],
    "user_mentions": [
      {
        "id_str": "3000699650",
        "name": "Kevin Robert Kesar",
        "screen_name": "realKILLERkross",
        "indices": [
          38,
          54
        ]
      }
    ]
  },
  "isRetweet": false,
  "isQuote": false,
  "media": [
    "https://pbs.twimg.com/media/GoicS1iXcAEkOpC.jpg"
  ],
  "isConversationControlled": false
},
{
  "type": "tweet",
  "id": "668958109159702528",
  "url": "https://x.com/WWE/status/668958109159702528",
  "twitterUrl": "https://twitter.com/WWE/status/668958109159702528",
  "text": "The 1,174th edition of @WWE #RAW is LIVE NOW on @USA_Network, with #TheAuthority heading to the ring. #NewChampion https://t.co/JJ64eFRNFf",
  "fullText": "The 1,174th edition of @WWE #RAW is LIVE NOW on @USA_Network, with #TheAuthority heading to the ring. #NewChampion https://t.co/JJ64eFRNFf",
  "source": "SnappyTV.com",
  "retweetCount": 226,
  "replyCount": 35,
  "likeCount": 314,
  "quoteCount": 0,
  "createdAt": "Tue Nov 24 01:03:36 +0000 2015",
  "lang": "en",
  "bookmarkCount": 1,
  "isReply": false,
  "conversationId": "668958109159702528",
  "possiblySensitive": false,
  "isPinned": false,
  "author": {
    "type": "user",
    "userName": "WWE",
    "url": "https://x.com/WWE",
    "twitterUrl": "https://twitter.com/WWE",
    "id": "7517222",
    "name": "WWE",
    "isVerified": false,
    "verifiedType": "Business",
    "isBlueVerified": true,
    "profilePicture": "https://pbs.twimg.com/profile_images/1383079031805972485/3sWoMX-R_normal.jpg",
    "coverPicture": "https://pbs.twimg.com/profile_banners/7517222/1745061687",
    "description": "| Raw: Mondays at 8ET/5PT on Netflix | NXT: Tuesdays at 8ET/7CT on The CW | SmackDown: Fridays at 8ET/7CT on USA Network",
    "location": "Stamford, CT",
    "followers": 14504650,
    "following": 394,
    "status": "",
    "canDm": false,
    "canMediaTag": false,
    "createdAt": "Mon Jul 16 21:38:03 +0000 2007",
    "entities": {
      "description": {
        "urls": []
      },
      "url": {
        "urls": [
          {
            "display_url": "ticketmaster.com/wwe-wrestleman…",
            "expanded_url": "https://www.ticketmaster.com/wwe-wrestlemania-tickets/artist/853853",
            "url": "https://t.co/Zx77stwPfR",
            "indices": [
              0,
              23
            ]
          }
        ]
      }
    },
    "fastFollowersCount": 0,
    "favouritesCount": 2100,
    "hasCustomTimelines": true,
    "isTranslator": false,
    "mediaCount": 142460,
    "statusesCount": 351755,
    "withheldInCountries": [],
    "affiliatesHighlightedLabel": {},
    "possiblySensitive": false,
    "pinnedTweetIds": [
      "1913606147040305176"
    ]
  },
  "extendedEntities": {},
  "card": {},
  "place": {},
  "entities": {
    "hashtags": [
      {
        "indices": [
          28,
          32
        ],
        "text": "RAW"
      },
      {
        "indices": [
          67,
          80
        ],
        "text": "TheAuthority"
      },
      {
        "indices": [
          102,
          114
        ],
        "text": "NewChampion"
      }
    ],
    "symbols": [],
    "timestamps": [],
    "urls": [
      {
        "display_url": "pic.x.com/JJ64eFRNFf",
        "expanded_url": "https://x.com/WWE/status/668958109159702528/photo/1",
        "url": "https://t.co/JJ64eFRNFf",
        "indices": [
          115,
          138
        ]
      }
    ],
    "user_mentions": [
      {
        "id_str": "7517222",
        "name": "WWE",
        "screen_name": "WWE",
        "indices": [
          23,
          27
        ]
      },
      {
        "id_str": "1623534124857434113",
        "name": "Tax Network USA",
        "screen_name": "usa_network",
        "indices": [
          48,
          60
        ]
      }
    ]
  },
  "isRetweet": false,
  "isQuote": false,
  "media": [],
  "isConversationControlled": false
},
{
  "type": "tweet",
  "id": "1911951684672135629",
  "url": "https://x.com/A_L_W_podcast/status/1911951684672135629",
  "twitterUrl": "https://twitter.com/A_L_W_podcast/status/1911951684672135629",
  "text": "This is what a Superstar looks like. \n\n#WWERaw #PushKarrionKross https://t.co/QAMSmX4EvI",
  "fullText": "This is what a Superstar looks like. \n\n#WWERaw #PushKarrionKross https://t.co/QAMSmX4EvI",
  "source": "Twitter for iPhone",
  "retweetCount": 190,
  "replyCount": 102,
  "likeCount": 4454,
  "quoteCount": 34,
  "viewCount": 235627,
  "createdAt": "Tue Apr 15 01:16:18 +0000 2025",
  "lang": "en",
  "bookmarkCount": 142,
  "isReply": false,
  "conversationId": "1911951684672135629",
  "possiblySensitive": false,
  "isPinned": false,
  "author": {
    "type": "user",
    "userName": "A_L_W_podcast",
    "url": "https://x.com/A_L_W_podcast",
    "twitterUrl": "https://twitter.com/A_L_W_podcast",
    "id": "1640468957470629888",
    "name": "aaronloveswrestling",
    "isVerified": false,
    "isBlueVerified": true,
    "profilePicture": "https://pbs.twimg.com/profile_images/1640514854468370434/CaRgbIVd_normal.jpg",
    "coverPicture": "https://pbs.twimg.com/profile_banners/1640468957470629888/1679964206",
    "description": "I share all things #WWE #AEW #TNA also a side of #DallasCowboys 0-0 #DUUUVAL 0-0 #AllForTX 12-7 #HookEm 0-0 #TexasHockey 50-26-6 #LakeShow 50-32",
    "location": "",
    "followers": 5125,
    "following": 5783,
    "status": "",
    "canDm": false,
    "canMediaTag": true,
    "createdAt": "Mon Mar 27 21:41:02 +0000 2023",
    "entities": {
      "description": {
        "urls": []
      },
      "url": {
        "urls": [
          {
            "display_url": "tiktok.com/@aaronloveswre…",
            "expanded_url": "http://www.tiktok.com/@aaronloveswrestli",
            "url": "https://t.co/0E7UK1Erda",
            "indices": [
              0,
              23
            ]
          }
        ]
      }
    },
    "fastFollowersCount": 0,
    "favouritesCount": 89050,
    "hasCustomTimelines": false,
    "isTranslator": false,
    "mediaCount": 8861,
    "statusesCount": 36145,
    "withheldInCountries": [],
    "affiliatesHighlightedLabel": {},
    "possiblySensitive": false,
    "pinnedTweetIds": [
      "1913354053763109069"
    ]
  },
  "extendedEntities": {
    "media": [
      {
        "display_url": "pic.x.com/QAMSmX4EvI",
        "expanded_url": "https://x.com/A_L_W_podcast/status/1911951684672135629/photo/1",
        "id_str": "1911951682180648960",
        "indices": [
          65,
          88
        ],
        "media_key": "3_1911951682180648960",
        "media_url_https": "https://pbs.twimg.com/media/Goid7MwWkAAkI9B.jpg",
        "type": "photo",
        "url": "https://t.co/QAMSmX4EvI",
        "ext_media_availability": {
          "status": "Available"
        },
        "features": {
          "all": {
            "tags": [
              {
                "user_id": "3000699650",
                "name": "Kevin Robert Kesar",
                "screen_name": "realKILLERkross",
                "type": "user"
              }
            ]
          },
          "large": {
            "faces": [
              {
                "x": 432,
                "y": 241,
                "h": 48,
                "w": 48
              }
            ]
          },
          "medium": {
            "faces": [
              {
                "x": 432,
                "y": 241,
                "h": 48,
                "w": 48
              }
            ]
          },
          "small": {
            "faces": [
              {
                "x": 274,
                "y": 153,
                "h": 30,
                "w": 30
              }
            ]
          },
          "orig": {
            "faces": [
              {
                "x": 432,
                "y": 241,
                "h": 48,
                "w": 48
              }
            ]
          }
        },
        "sizes": {
          "large": {
            "h": 602,
            "w": 1070,
            "resize": "fit"
          },
          "medium": {
            "h": 602,
            "w": 1070,
            "resize": "fit"
          },
          "small": {
            "h": 383,
            "w": 680,
            "resize": "fit"
          },
          "thumb": {
            "h": 150,
            "w": 150,
            "resize": "crop"
          }
        },
        "original_info": {
          "height": 602,
          "width": 1070,
          "focus_rects": [
            {
              "x": 0,
              "y": 0,
              "w": 1070,
              "h": 599
            },
            {
              "x": 260,
              "y": 0,
              "w": 602,
              "h": 602
            },
            {
              "x": 297,
              "y": 0,
              "w": 528,
              "h": 602
            },
            {
              "x": 411,
              "y": 0,
              "w": 301,
              "h": 602
            },
            {
              "x": 0,
              "y": 0,
              "w": 1070,
              "h": 602
            }
          ]
        },
        "media_results": {
          "result": {
            "media_key": "3_1911951682180648960"
          }
        }
      }
    ]
  },
  "card": {},
  "place": {},
  "entities": {
    "hashtags": [
      {
        "indices": [
          39,
          46
        ],
        "text": "WWERaw"
      },
      {
        "indices": [
          47,
          64
        ],
        "text": "PushKarrionKross"
      }
    ],
    "media": [
      {
        "display_url": "pic.x.com/QAMSmX4EvI",
        "expanded_url": "https://x.com/A_L_W_podcast/status/1911951684672135629/photo/1",
        "id_str": "1911951682180648960",
        "indices": [
          65,
          88
        ],
        "media_key": "3_1911951682180648960",
        "media_url_https": "https://pbs.twimg.com/media/Goid7MwWkAAkI9B.jpg",
        "type": "photo",
        "url": "https://t.co/QAMSmX4EvI",
        "ext_media_availability": {
          "status": "Available"
        },
        "features": {
          "all": {
            "tags": [
              {
                "user_id": "3000699650",
                "name": "Kevin Robert Kesar",
                "screen_name": "realKILLERkross",
                "type": "user"
              }
            ]
          },
          "large": {
            "faces": [
              {
                "x": 432,
                "y": 241,
                "h": 48,
                "w": 48
              }
            ]
          },
          "medium": {
            "faces": [
              {
                "x": 432,
                "y": 241,
                "h": 48,
                "w": 48
              }
            ]
          },
          "small": {
            "faces": [
              {
                "x": 274,
                "y": 153,
                "h": 30,
                "w": 30
              }
            ]
          },
          "orig": {
            "faces": [
              {
                "x": 432,
                "y": 241,
                "h": 48,
                "w": 48
              }
            ]
          }
        },
        "sizes": {
          "large": {
            "h": 602,
            "w": 1070,
            "resize": "fit"
          },
          "medium": {
            "h": 602,
            "w": 1070,
            "resize": "fit"
          },
          "small": {
            "h": 383,
            "w": 680,
            "resize": "fit"
          },
          "thumb": {
            "h": 150,
            "w": 150,
            "resize": "crop"
          }
        },
        "original_info": {
          "height": 602,
          "width": 1070,
          "focus_rects": [
            {
              "x": 0,
              "y": 0,
              "w": 1070,
              "h": 599
            },
            {
              "x": 260,
              "y": 0,
              "w": 602,
              "h": 602
            },
            {
              "x": 297,
              "y": 0,
              "w": 528,
              "h": 602
            },
            {
              "x": 411,
              "y": 0,
              "w": 301,
              "h": 602
            },
            {
              "x": 0,
              "y": 0,
              "w": 1070,
              "h": 602
            }
          ]
        },
        "media_results": {
          "result": {
            "media_key": "3_1911951682180648960"
          }
        }
      }
    ],
    "symbols": [],
    "timestamps": [],
    "urls": [],
    "user_mentions": []
  },
  "isRetweet": false,
  "isQuote": false,
  "media": [
    "https://pbs.twimg.com/media/Goid7MwWkAAkI9B.jpg"
  ],
  "isConversationControlled": false
},
{
  "type": "tweet",
  "id": "1911953255623438697",
  "url": "https://x.com/Zashy120/status/1911953255623438697",
  "twitterUrl": "https://twitter.com/Zashy120/status/1911953255623438697",
  "text": "Logan’s finisher tho..\n#WWERaw https://t.co/ne4omkdsu0",
  "fullText": "Logan’s finisher tho..\n#WWERaw https://t.co/ne4omkdsu0",
  "source": "Twitter for iPhone",
  "retweetCount": 30,
  "replyCount": 24,
  "likeCount": 589,
  "quoteCount": 4,
  "viewCount": 346580,
  "createdAt": "Tue Apr 15 01:22:33 +0000 2025",
  "lang": "en",
  "bookmarkCount": 29,
  "isReply": false,
  "conversationId": "1911953255623438697",
  "possiblySensitive": false,
  "isPinned": false,
  "author": {
    "type": "user",
    "userName": "Zashy120",
    "url": "https://x.com/Zashy120",
    "twitterUrl": "https://twitter.com/Zashy120",
    "id": "1378367821755867142",
    "name": "Zashy 🇵🇸",
    "isVerified": false,
    "isBlueVerified": true,
    "profilePicture": "https://pbs.twimg.com/profile_images/1890911829888532480/gGTpey7E_normal.jpg",
    "coverPicture": "https://pbs.twimg.com/profile_banners/1378367821755867142/1744743431",
    "description": "\"I'm just a young man addicted to greatness\" #FreePalestine 🇵🇸| @ManUtd | @RandyOrton 🐍 followed 11/7/24 | Jesse Ventura Enthusiast |☪️",
    "location": "",
    "followers": 18282,
    "following": 6519,
    "status": "",
    "canDm": false,
    "canMediaTag": false,
    "createdAt": "Sat Apr 03 15:24:46 +0000 2021",
    "entities": {
      "description": {
        "urls": []
      },
      "url": {
        "urls": [
          {
            "display_url": "iwcinsider.com",
            "expanded_url": "http://iwcinsider.com",
            "url": "https://t.co/cPEdLmUs7p",
            "indices": [
              0,
              23
            ]
          }
        ]
      }
    },
    "fastFollowersCount": 0,
    "favouritesCount": 119687,
    "hasCustomTimelines": true,
    "isTranslator": false,
    "mediaCount": 12554,
    "statusesCount": 43547,
    "withheldInCountries": [],
    "affiliatesHighlightedLabel": {},
    "possiblySensitive": false,
    "pinnedTweetIds": [
      "1824144118450360741"
    ]
  },
  "extendedEntities": {
    "media": [
      {
        "display_url": "pic.x.com/ne4omkdsu0",
        "expanded_url": "https://x.com/Zashy120/status/1911953255623438697/photo/1",
        "id_str": "1911953247872434176",
        "indices": [
          31,
          54
        ],
        "media_key": "16_1911953247872434176",
        "media_url_https": "https://pbs.twimg.com/tweet_video_thumb/GoifWVaXQAA4aWV.jpg",
        "type": "animated_gif",
        "url": "https://t.co/ne4omkdsu0",
        "ext_media_availability": {
          "status": "Available"
        },
        "sizes": {
          "large": {
            "h": 210,
            "w": 498,
            "resize": "fit"
          },
          "medium": {
            "h": 210,
            "w": 498,
            "resize": "fit"
          },
          "small": {
            "h": 210,
            "w": 498,
            "resize": "fit"
          },
          "thumb": {
            "h": 150,
            "w": 150,
            "resize": "crop"
          }
        },
        "original_info": {
          "height": 210,
          "width": 498,
          "focus_rects": []
        },
        "video_info": {
          "aspect_ratio": [
            83,
            35
          ],
          "variants": [
            {
              "bitrate": 0,
              "content_type": "video/mp4",
              "url": "https://video.twimg.com/tweet_video/GoifWVaXQAA4aWV.mp4"
            }
          ]
        },
        "media_results": {
          "result": {
            "media_key": "16_1911953247872434176"
          }
        }
      }
    ]
  },
  "card": {},
  "place": {},
  "entities": {
    "hashtags": [
      {
        "indices": [
          23,
          30
        ],
        "text": "WWERaw"
      }
    ],
    "media": [
      {
        "display_url": "pic.x.com/ne4omkdsu0",
        "expanded_url": "https://x.com/Zashy120/status/1911953255623438697/photo/1",
        "id_str": "1911953247872434176",
        "indices": [
          31,
          54
        ],
        "media_key": "16_1911953247872434176",
        "media_url_https": "https://pbs.twimg.com/tweet_video_thumb/GoifWVaXQAA4aWV.jpg",
        "type": "animated_gif",
        "url": "https://t.co/ne4omkdsu0",
        "ext_media_availability": {
          "status": "Available"
        },
        "sizes": {
          "large": {
            "h": 210,
            "w": 498,
            "resize": "fit"
          },
          "medium": {
            "h": 210,
            "w": 498,
            "resize": "fit"
          },
          "small": {
            "h": 210,
            "w": 498,
            "resize": "fit"
          },
          "thumb": {
            "h": 150,
            "w": 150,
            "resize": "crop"
          }
        },
        "original_info": {
          "height": 210,
          "width": 498,
          "focus_rects": []
        },
        "video_info": {
          "aspect_ratio": [
            83,
            35
          ],
          "variants": [
            {
              "bitrate": 0,
              "content_type": "video/mp4",
              "url": "https://video.twimg.com/tweet_video/GoifWVaXQAA4aWV.mp4"
            }
          ]
        },
        "media_results": {
          "result": {
            "media_key": "16_1911953247872434176"
          }
        }
      }
    ],
    "symbols": [],
    "timestamps": [],
    "urls": [],
    "user_mentions": []
  },
  "isRetweet": false,
  "isQuote": false,
  "media": [
    "https://pbs.twimg.com/tweet_video_thumb/GoifWVaXQAA4aWV.jpg"
  ],
  "isConversationControlled": false
},
{
  "type": "tweet",
  "id": "1911936080338649469",
  "url": "https://x.com/wrestlin_wasabi/status/1911936080338649469",
  "twitterUrl": "https://twitter.com/wrestlin_wasabi/status/1911936080338649469",
  "text": "Liv Morgan the freaking woman that you are #WWERaw https://t.co/6jqLur51PM",
  "fullText": "Liv Morgan the freaking woman that you are #WWERaw https://t.co/6jqLur51PM",
  "source": "Twitter Web App",
  "retweetCount": 50,
  "replyCount": 5,
  "likeCount": 527,
  "quoteCount": 2,
  "viewCount": 28132,
  "createdAt": "Tue Apr 15 00:14:18 +0000 2025",
  "lang": "en",
  "bookmarkCount": 86,
  "isReply": false,
  "conversationId": "1911936080338649469",
  "possiblySensitive": false,
  "isPinned": false,
  "author": {
    "type": "user",
    "userName": "wrestlin_wasabi",
    "url": "https://x.com/wrestlin_wasabi",
    "twitterUrl": "https://twitter.com/wrestlin_wasabi",
    "id": "842911473860935680",
    "name": "Joey 🍙✨",
    "isVerified": false,
    "isBlueVerified": true,
    "profilePicture": "https://pbs.twimg.com/profile_images/1838625967545212928/nS-d57u1_normal.jpg",
    "coverPicture": "https://pbs.twimg.com/profile_banners/842911473860935680/1709916065",
    "description": "PROUD CODY CRYBABY 🇺🇲🇺🇲 • Eagles fan living in the southern US. 🦅• Liv Morgan defender ✨",
    "location": "North Carolina, USA",
    "followers": 2863,
    "following": 2713,
    "status": "",
    "canDm": true,
    "canMediaTag": false,
    "createdAt": "Sat Mar 18 01:32:10 +0000 2017",
    "entities": {
      "description": {
        "urls": []
      }
    },
    "fastFollowersCount": 0,
    "favouritesCount": 137572,
    "hasCustomTimelines": false,
    "isTranslator": false,
    "mediaCount": 7586,
    "statusesCount": 54574,
    "withheldInCountries": [],
    "affiliatesHighlightedLabel": {},
    "possiblySensitive": false,
    "pinnedTweetIds": [
      "1817049290331562075"
    ]
  },
  "extendedEntities": {
    "media": [
      {
        "display_url": "pic.x.com/6jqLur51PM",
        "expanded_url": "https://x.com/wrestlin_wasabi/status/1911936080338649469/photo/1",
        "id_str": "1911935978203209729",
        "indices": [
          51,
          74
        ],
        "media_key": "3_1911935978203209729",
        "media_url_https": "https://pbs.twimg.com/media/GoiPpG4XYAEpyew.jpg",
        "type": "photo",
        "url": "https://t.co/6jqLur51PM",
        "ext_media_availability": {
          "status": "Available"
        },
        "features": {
          "all": {
            "tags": [
              {
                "user_id": "2245639517",
                "name": "LIV Morgan",
                "screen_name": "YaOnlyLivvOnce",
                "type": "user"
              }
            ]
          },
          "large": {
            "faces": [
              {
                "x": 890,
                "y": 161,
                "h": 181,
                "w": 181
              }
            ]
          },
          "medium": {
            "faces": [
              {
                "x": 556,
                "y": 100,
                "h": 113,
                "w": 113
              }
            ]
          },
          "small": {
            "faces": [
              {
                "x": 315,
                "y": 57,
                "h": 64,
                "w": 64
              }
            ]
          },
          "orig": {
            "faces": [
              {
                "x": 890,
                "y": 161,
                "h": 181,
                "w": 181
              }
            ]
          }
        },
        "sizes": {
          "large": {
            "h": 1080,
            "w": 1920,
            "resize": "fit"
          },
          "medium": {
            "h": 675,
            "w": 1200,
            "resize": "fit"
          },
          "small": {
            "h": 383,
            "w": 680,
            "resize": "fit"
          },
          "thumb": {
            "h": 150,
            "w": 150,
            "resize": "crop"
          }
        },
        "original_info": {
          "height": 1080,
          "width": 1920,
          "focus_rects": [
            {
              "x": 0,
              "y": 0,
              "w": 1920,
              "h": 1075
            },
            {
              "x": 468,
              "y": 0,
              "w": 1080,
              "h": 1080
            },
            {
              "x": 535,
              "y": 0,
              "w": 947,
              "h": 1080
            },
            {
              "x": 738,
              "y": 0,
              "w": 540,
              "h": 1080
            },
            {
              "x": 0,
              "y": 0,
              "w": 1920,
              "h": 1080
            }
          ]
        },
        "allow_download_status": {
          "allow_download": true
        },
        "media_results": {
          "result": {
            "media_key": "3_1911935978203209729"
          }
        }
      }
    ]
  },
  "card": {},
  "place": {},
  "entities": {
    "hashtags": [
      {
        "indices": [
          43,
          50
        ],
        "text": "WWERaw"
      }
    ],
    "media": [
      {
        "display_url": "pic.x.com/6jqLur51PM",
        "expanded_url": "https://x.com/wrestlin_wasabi/status/1911936080338649469/photo/1",
        "id_str": "1911935978203209729",
        "indices": [
          51,
          74
        ],
        "media_key": "3_1911935978203209729",
        "media_url_https": "https://pbs.twimg.com/media/GoiPpG4XYAEpyew.jpg",
        "type": "photo",
        "url": "https://t.co/6jqLur51PM",
        "ext_media_availability": {
          "status": "Available"
        },
        "features": {
          "all": {
            "tags": [
              {
                "user_id": "2245639517",
                "name": "LIV Morgan",
                "screen_name": "YaOnlyLivvOnce",
                "type": "user"
              }
            ]
          },
          "large": {
            "faces": [
              {
                "x": 890,
                "y": 161,
                "h": 181,
                "w": 181
              }
            ]
          },
          "medium": {
            "faces": [
              {
                "x": 556,
                "y": 100,
                "h": 113,
                "w": 113
              }
            ]
          },
          "small": {
            "faces": [
              {
                "x": 315,
                "y": 57,
                "h": 64,
                "w": 64
              }
            ]
          },
          "orig": {
            "faces": [
              {
                "x": 890,
                "y": 161,
                "h": 181,
                "w": 181
              }
            ]
          }
        },
        "sizes": {
          "large": {
            "h": 1080,
            "w": 1920,
            "resize": "fit"
          },
          "medium": {
            "h": 675,
            "w": 1200,
            "resize": "fit"
          },
          "small": {
            "h": 383,
            "w": 680,
            "resize": "fit"
          },
          "thumb": {
            "h": 150,
            "w": 150,
            "resize": "crop"
          }
        },
        "original_info": {
          "height": 1080,
          "width": 1920,
          "focus_rects": [
            {
              "x": 0,
              "y": 0,
              "w": 1920,
              "h": 1075
            },
            {
              "x": 468,
              "y": 0,
              "w": 1080,
              "h": 1080
            },
            {
              "x": 535,
              "y": 0,
              "w": 947,
              "h": 1080
            },
            {
              "x": 738,
              "y": 0,
              "w": 540,
              "h": 1080
            },
            {
              "x": 0,
              "y": 0,
              "w": 1920,
              "h": 1080
            }
          ]
        },
        "allow_download_status": {
          "allow_download": true
        },
        "media_results": {
          "result": {
            "media_key": "3_1911935978203209729"
          }
        }
      }
    ],
    "symbols": [],
    "timestamps": [],
    "urls": [],
    "user_mentions": []
  },
  "isRetweet": false,
  "isQuote": false,
  "media": [
    "https://pbs.twimg.com/media/GoiPpG4XYAEpyew.jpg"
  ],
  "isConversationControlled": false
},
{
  "type": "tweet",
  "id": "767874553708109826",
  "url": "https://x.com/WWE/status/767874553708109826",
  "twitterUrl": "https://twitter.com/WWE/status/767874553708109826",
  "text": "The 1,213th edition of @WWE #RAW is LIVE NOW on @USA_Network, with the fallout from @WWE @SummerSlam! https://t.co/wGwOPxZa1X",
  "fullText": "The 1,213th edition of @WWE #RAW is LIVE NOW on @USA_Network, with the fallout from @WWE @SummerSlam! https://t.co/wGwOPxZa1X",
  "source": "SnappyTV.com",
  "retweetCount": 239,
  "replyCount": 7,
  "likeCount": 417,
  "quoteCount": 3,
  "createdAt": "Tue Aug 23 00:02:14 +0000 2016",
  "lang": "en",
  "bookmarkCount": 1,
  "isReply": false,
  "conversationId": "767874553708109826",
  "possiblySensitive": false,
  "isPinned": false,
  "author": {
    "type": "user",
    "userName": "WWE",
    "url": "https://x.com/WWE",
    "twitterUrl": "https://twitter.com/WWE",
    "id": "7517222",
    "name": "WWE",
    "isVerified": false,
    "verifiedType": "Business",
    "isBlueVerified": true,
    "profilePicture": "https://pbs.twimg.com/profile_images/1383079031805972485/3sWoMX-R_normal.jpg",
    "coverPicture": "https://pbs.twimg.com/profile_banners/7517222/1745061687",
    "description": "| Raw: Mondays at 8ET/5PT on Netflix | NXT: Tuesdays at 8ET/7CT on The CW | SmackDown: Fridays at 8ET/7CT on USA Network",
    "location": "Stamford, CT",
    "followers": 14504650,
    "following": 394,
    "status": "",
    "canDm": false,
    "canMediaTag": false,
    "createdAt": "Mon Jul 16 21:38:03 +0000 2007",
    "entities": {
      "description": {
        "urls": []
      },
      "url": {
        "urls": [
          {
            "display_url": "ticketmaster.com/wwe-wrestleman…",
            "expanded_url": "https://www.ticketmaster.com/wwe-wrestlemania-tickets/artist/853853",
            "url": "https://t.co/Zx77stwPfR",
            "indices": [
              0,
              23
            ]
          }
        ]
      }
    },
    "fastFollowersCount": 0,
    "favouritesCount": 2100,
    "hasCustomTimelines": true,
    "isTranslator": false,
    "mediaCount": 142460,
    "statusesCount": 351755,
    "withheldInCountries": [],
    "affiliatesHighlightedLabel": {},
    "possiblySensitive": false,
    "pinnedTweetIds": [
      "1913606147040305176"
    ]
  },
  "extendedEntities": {
    "media": [
      {
        "display_url": "pic.x.com/wGwOPxZa1X",
        "expanded_url": "https://x.com/WWE/status/767874553708109826/photo/1",
        "id_str": "767874524486348800",
        "indices": [
          102,
          125
        ],
        "media_key": "16_767874524486348800",
        "media_url_https": "https://pbs.twimg.com/tweet_video_thumb/CqgJz8gUsAABpxR.jpg",
        "type": "animated_gif",
        "url": "https://t.co/wGwOPxZa1X",
        "ext_media_availability": {
          "status": "Available"
        },
        "sizes": {
          "large": {
            "h": 270,
            "w": 480,
            "resize": "fit"
          },
          "medium": {
            "h": 270,
            "w": 480,
            "resize": "fit"
          },
          "small": {
            "h": 270,
            "w": 480,
            "resize": "fit"
          },
          "thumb": {
            "h": 150,
            "w": 150,
            "resize": "crop"
          }
        },
        "original_info": {
          "height": 270,
          "width": 480,
          "focus_rects": []
        },
        "video_info": {
          "aspect_ratio": [
            16,
            9
          ],
          "variants": [
            {
              "bitrate": 0,
              "content_type": "video/mp4",
              "url": "https://video.twimg.com/tweet_video/CqgJz8gUsAABpxR.mp4"
            }
          ]
        },
        "media_results": {
          "result": {
            "media_key": "16_767874524486348800"
          }
        }
      }
    ]
  },
  "card": {},
  "place": {},
  "entities": {
    "hashtags": [
      {
        "indices": [
          28,
          32
        ],
        "text": "RAW"
      }
    ],
    "media": [
      {
        "display_url": "pic.x.com/wGwOPxZa1X",
        "expanded_url": "https://x.com/WWE/status/767874553708109826/photo/1",
        "id_str": "767874524486348800",
        "indices": [
          102,
          125
        ],
        "media_key": "16_767874524486348800",
        "media_url_https": "https://pbs.twimg.com/tweet_video_thumb/CqgJz8gUsAABpxR.jpg",
        "type": "animated_gif",
        "url": "https://t.co/wGwOPxZa1X",
        "ext_media_availability": {
          "status": "Available"
        },
        "sizes": {
          "large": {
            "h": 270,
            "w": 480,
            "resize": "fit"
          },
          "medium": {
            "h": 270,
            "w": 480,
            "resize": "fit"
          },
          "small": {
            "h": 270,
            "w": 480,
            "resize": "fit"
          },
          "thumb": {
            "h": 150,
            "w": 150,
            "resize": "crop"
          }
        },
        "original_info": {
          "height": 270,
          "width": 480,
          "focus_rects": []
        },
        "video_info": {
          "aspect_ratio": [
            16,
            9
          ],
          "variants": [
            {
              "bitrate": 0,
              "content_type": "video/mp4",
              "url": "https://video.twimg.com/tweet_video/CqgJz8gUsAABpxR.mp4"
            }
          ]
        },
        "media_results": {
          "result": {
            "media_key": "16_767874524486348800"
          }
        }
      }
    ],
    "symbols": [],
    "timestamps": [],
    "urls": [],
    "user_mentions": [
      {
        "id_str": "7517222",
        "name": "WWE",
        "screen_name": "WWE",
        "indices": [
          23,
          27
        ]
      },
      {
        "id_str": "1623534124857434113",
        "name": "Tax Network USA",
        "screen_name": "usa_network",
        "indices": [
          48,
          60
        ]
      },
      {
        "id_str": "7517222",
        "name": "WWE",
        "screen_name": "WWE",
        "indices": [
          84,
          88
        ]
      },
      {
        "id_str": "776112300",
        "name": "WWE SummerSlam",
        "screen_name": "SummerSlam",
        "indices": [
          89,
          100
        ]
      }
    ]
  },
  "isRetweet": false,
  "isQuote": false,
  "media": [
    "https://pbs.twimg.com/tweet_video_thumb/CqgJz8gUsAABpxR.jpg"
  ],
  "isConversationControlled": false
},
{
  "type": "tweet",
  "id": "1913757794601156768",
  "url": "https://x.com/wrestlingclipz_/status/1913757794601156768",
  "twitterUrl": "https://twitter.com/wrestlingclipz_/status/1913757794601156768",
  "text": "AND NEWWWW!!! FATU FATU FATU! #WWERaw #WrestleMania #WrestleMania41 #WWEHOF https://t.co/aNhZEW2FW9",
  "fullText": "AND NEWWWW!!! FATU FATU FATU! #WWERaw #WrestleMania #WrestleMania41 #WWEHOF https://t.co/aNhZEW2FW9",
  "source": "Twitter Web App",
  "retweetCount": 5,
  "replyCount": 1,
  "likeCount": 23,
  "quoteCount": 1,
  "viewCount": 1825,
  "createdAt": "Sun Apr 20 00:53:08 +0000 2025",
  "lang": "it",
  "bookmarkCount": 0,
  "isReply": false,
  "conversationId": "1913757794601156768",
  "possiblySensitive": false,
  "isPinned": false,
  "author": {
    "type": "user",
    "userName": "wrestlingclipz_",
    "url": "https://x.com/wrestlingclipz_",
    "twitterUrl": "https://twitter.com/wrestlingclipz_",
    "id": "1757647126492860416",
    "name": "wrestlingclipz_",
    "isVerified": false,
    "isBlueVerified": true,
    "profilePicture": "https://pbs.twimg.com/profile_images/1885906591330807808/IEjHRD3P_normal.jpg",
    "coverPicture": "https://pbs.twimg.com/profile_banners/1757647126492860416/1735794634",
    "description": "Always posting live updates, clips and news of any and all things Pro-Wrestling!",
    "location": "",
    "followers": 146,
    "following": 487,
    "status": "",
    "canDm": false,
    "canMediaTag": true,
    "createdAt": "Wed Feb 14 06:05:14 +0000 2024",
    "entities": {
      "description": {
        "urls": []
      }
    },
    "fastFollowersCount": 0,
    "favouritesCount": 34,
    "hasCustomTimelines": false,
    "isTranslator": false,
    "mediaCount": 306,
    "statusesCount": 680,
    "withheldInCountries": [],
    "affiliatesHighlightedLabel": {},
    "possiblySensitive": false,
    "pinnedTweetIds": [
      "1873567695289139381"
    ]
  },
  "extendedEntities": {
    "media": [
      {
        "display_url": "pic.x.com/aNhZEW2FW9",
        "expanded_url": "https://x.com/wrestlingclipz_/status/1913757794601156768/video/1",
        "id_str": "1913757401758478336",
        "indices": [
          76,
          99
        ],
        "media_key": "13_1913757401758478336",
        "media_url_https": "https://pbs.twimg.com/amplify_video_thumb/1913757401758478336/img/zL3-7ynvTI6IodM6.jpg",
        "type": "video",
        "url": "https://t.co/aNhZEW2FW9",
        "additional_media_info": {
          "monetizable": false
        },
        "ext_media_availability": {
          "status": "Available"
        },
        "sizes": {
          "large": {
            "h": 1080,
            "w": 1920,
            "resize": "fit"
          },
          "medium": {
            "h": 675,
            "w": 1200,
            "resize": "fit"
          },
          "small": {
            "h": 383,
            "w": 680,
            "resize": "fit"
          },
          "thumb": {
            "h": 150,
            "w": 150,
            "resize": "crop"
          }
        },
        "original_info": {
          "height": 1080,
          "width": 1920,
          "focus_rects": []
        },
        "allow_download_status": {
          "allow_download": true
        },
        "video_info": {
          "aspect_ratio": [
            16,
            9
          ],
          "duration_millis": 22784,
          "variants": [
            {
              "content_type": "application/x-mpegURL",
              "url": "https://video.twimg.com/amplify_video/1913757401758478336/pl/GvS3x10Xk4zrKopd.m3u8?tag=16"
            },
            {
              "bitrate": 288000,
              "content_type": "video/mp4",
              "url": "https://video.twimg.com/amplify_video/1913757401758478336/vid/avc1/480x270/7fje7VD3SWcE97lb.mp4?tag=16"
            },
            {
              "bitrate": 832000,
              "content_type": "video/mp4",
              "url": "https://video.twimg.com/amplify_video/1913757401758478336/vid/avc1/640x360/fh5c5bE-NHpF3pZI.mp4?tag=16"
            },
            {
              "bitrate": 2176000,
              "content_type": "video/mp4",
              "url": "https://video.twimg.com/amplify_video/1913757401758478336/vid/avc1/1280x720/CYvn3UcDVRAOrnUt.mp4?tag=16"
            },
            {
              "bitrate": 10368000,
              "content_type": "video/mp4",
              "url": "https://video.twimg.com/amplify_video/1913757401758478336/vid/avc1/1920x1080/b_XdN_emxo8uvwhT.mp4?tag=16"
            }
          ]
        },
        "media_results": {
          "result": {
            "media_key": "13_1913757401758478336"
          }
        }
      }
    ]
  },
  "card": {},
  "place": {},
  "entities": {
    "hashtags": [
      {
        "indices": [
          30,
          37
        ],
        "text": "WWERaw"
      },
      {
        "indices": [
          38,
          51
        ],
        "text": "WrestleMania"
      },
      {
        "indices": [
          52,
          67
        ],
        "text": "WrestleMania41"
      },
      {
        "indices": [
          68,
          75
        ],
        "text": "WWEHOF"
      }
    ],
    "media": [
      {
        "display_url": "pic.x.com/aNhZEW2FW9",
        "expanded_url": "https://x.com/wrestlingclipz_/status/1913757794601156768/video/1",
        "id_str": "1913757401758478336",
        "indices": [
          76,
          99
        ],
        "media_key": "13_1913757401758478336",
        "media_url_https": "https://pbs.twimg.com/amplify_video_thumb/1913757401758478336/img/zL3-7ynvTI6IodM6.jpg",
        "type": "video",
        "url": "https://t.co/aNhZEW2FW9",
        "additional_media_info": {
          "monetizable": false
        },
        "ext_media_availability": {
          "status": "Available"
        },
        "sizes": {
          "large": {
            "h": 1080,
            "w": 1920,
            "resize": "fit"
          },
          "medium": {
            "h": 675,
            "w": 1200,
            "resize": "fit"
          },
          "small": {
            "h": 383,
            "w": 680,
            "resize": "fit"
          },
          "thumb": {
            "h": 150,
            "w": 150,
            "resize": "crop"
          }
        },
        "original_info": {
          "height": 1080,
          "width": 1920,
          "focus_rects": []
        },
        "allow_download_status": {
          "allow_download": true
        },
        "video_info": {
          "aspect_ratio": [
            16,
            9
          ],
          "duration_millis": 22784,
          "variants": [
            {
              "content_type": "application/x-mpegURL",
              "url": "https://video.twimg.com/amplify_video/1913757401758478336/pl/GvS3x10Xk4zrKopd.m3u8?tag=16"
            },
            {
              "bitrate": 288000,
              "content_type": "video/mp4",
              "url": "https://video.twimg.com/amplify_video/1913757401758478336/vid/avc1/480x270/7fje7VD3SWcE97lb.mp4?tag=16"
            },
            {
              "bitrate": 832000,
              "content_type": "video/mp4",
              "url": "https://video.twimg.com/amplify_video/1913757401758478336/vid/avc1/640x360/fh5c5bE-NHpF3pZI.mp4?tag=16"
            },
            {
              "bitrate": 2176000,
              "content_type": "video/mp4",
              "url": "https://video.twimg.com/amplify_video/1913757401758478336/vid/avc1/1280x720/CYvn3UcDVRAOrnUt.mp4?tag=16"
            },
            {
              "bitrate": 10368000,
              "content_type": "video/mp4",
              "url": "https://video.twimg.com/amplify_video/1913757401758478336/vid/avc1/1920x1080/b_XdN_emxo8uvwhT.mp4?tag=16"
            }
          ]
        },
        "media_results": {
          "result": {
            "media_key": "13_1913757401758478336"
          }
        }
      }
    ],
    "symbols": [],
    "timestamps": [],
    "urls": [],
    "user_mentions": []
  },
  "isRetweet": false,
  "isQuote": false,
  "media": [
    "https://pbs.twimg.com/amplify_video_thumb/1913757401758478336/img/zL3-7ynvTI6IodM6.jpg"
  ],
  "isConversationControlled": false
}]